Day,Day of Year (Day),Duration (min),Fixture,Flow Rate (gpm),Mains Temperature (deg F),Start Time of Year (hr),Start time (hr),Fraction Hot Water,Hot Water Flow Rate (gpm),Hot Water Volume (gal)
2D7,2.0,5.502000000000002,SHWR,1.233,52.82749999999999,32.91,8.91,0.8391571836422856,1.0346808074309384,5.692813802485024
2D7,2.0,8.123,SHWR,1.237,52.82749999999999,38.3,14.3,0.8391571836422856,1.0380374361655074,8.431978093972416
2D7,2.0,3.668,SHWR,1.881,52.82749999999999,40.93,16.93,0.8391571836422856,1.5784546624311393,5.789771701797419
2D7,2.0,3.93,BATH,1.77,52.82749999999999,45.63,21.63,0.8391571836422856,1.4853082150468455,5.837261285134103
5E4,3.0,5.24,SHWR,2.0,52.8535,57.57,9.57,0.8390898924315932,1.6781797848631863,8.793662072683096
5E4,3.0,9.302,SHWR,2.0,52.8535,58.46,10.46,0.8390898924315932,1.6781797848631863,15.610428358797359
6D9,5.0,13.0,SHWR,2.0,52.57900000000001,102.53,6.53,0.839797504045113,1.679595008090226,21.83473510517294
6D9,5.0,4.167,SHWR,1.934,52.57900000000001,108.47,12.47,0.839797504045113,1.6241683728232486,6.767909609554477
6D9,5.0,9.667,SHWR,1.355,52.57900000000001,110.59,14.59,0.839797504045113,1.1379256179811281,11.000326949023565
6D9,5.0,7.167000000000002,SHWR,1.887,52.57900000000001,119.24,23.24,0.839797504045113,1.5846978901331283,11.357529778584134
4D2,6.0,6.832999999999998,SHWR,1.311,52.4225,127.93,7.93,0.840198154288682,1.1014997802724622,7.526547998601733
4D2,6.0,2.833,BATH,3.406,52.4225,129.1,9.1,0.840198154288682,2.8617149135072513,8.107238349966043
2D4,7.0,4.476,SHWR,2.0,52.255500000000005,152.47,8.47,0.8406234809425527,1.6812469618851054,7.5252614013977315
4D7,8.0,3.275,SHWR,2.0,52.1655,174.5,6.5,0.840851761373131,1.681703522746262,5.507579036994008
4D7,8.0,7.336,SHWR,1.632,52.1655,188.63,20.63,0.840851761373131,1.3722700745609497,10.066973266979128
4D7,8.0,7.205,SHWR,1.81,52.1655,188.63,20.63,0.840851761373131,1.5219416880853671,10.96558986265507
2D0,9.0,3.979,SHWR,2.0,51.97,213.08,21.08,0.841345391083611,1.682690782167222,6.695426622243376
4E6,10.0,9.564,SHWR,2.0,51.785000000000004,227.68,11.68,0.8418096970655699,1.6836193941311397,16.10213588547022
4E6,10.0,6.812,SHWR,2.0,51.785000000000004,232.16,16.16,0.8418096970655699,1.6836193941311397,11.468815312821324
2D3,12.0,2.705,SHWR,1.746,51.5025,270.21,6.21,0.8425134847828655,1.471028544430883,3.979132212685539
2D3,12.0,4.129,SHWR,2.0,51.5025,271.27,7.27,0.8425134847828655,1.685026969565731,6.957476357336902
3D1,13.0,4.103,SHWR,1.635,51.3595,295.9,7.9,0.8428673564789717,1.3780881278431187,5.654295588540315
3D1,13.0,4.725,SHWR,2.0,51.3595,304.57,16.57,0.8428673564789717,1.6857347129579434,7.965096518726282
3D1,13.0,6.837999999999999,SHWR,2.0,51.3595,305.16,17.16,0.8428673564789717,1.6857347129579434,11.527053967206415
3D1,13.0,4.973,SHWR,2.0,51.3595,309.5,21.5,0.8428673564789717,1.6857347129579434,8.383158727539852
5D4,14.0,7.335,SHWR,2.0,51.2405,323.63,11.63,0.8431606270438131,1.6863212540876262,12.36916639873274
5D4,14.0,5.968,SHWR,1.259,51.2405,331.03,19.03,0.8431606270438131,1.0615392294481607,6.335266121346623
2D6,16.0,6.837999999999999,SHWR,2.0,51.058499999999995,367.31,7.31,0.8436070470664592,1.6872140941329183,11.537169975680895
3E0,18.0,6.506,SHWR,1.393,50.858999999999995,426.22,18.22,0.8440934815484635,1.1758222197970096,7.649899361999345
3H1,19.0,9.04,SHWR,1.79,50.795500000000004,432.19,0.19,0.8442476773434884,1.5112033424448443,13.661278215701392
3H1,19.0,4.847,BATH,3.5660000000000003,50.795500000000004,448.87,16.87,0.8442476773434884,3.0105872174068797,14.592316242771147
3H1,19.0,1.4409999999999998,BATH,3.125,50.795500000000004,448.97,16.97,0.8442476773434884,2.638273991698401,3.8017528220373955
3H1,19.0,1.965,BATH,3.108,50.795500000000004,449.01,17.01,0.8442476773434884,2.623921781183562,5.1560063000257
3H1,19.0,2.7510000000000003,BATH,3.934,50.795500000000004,449.07,17.07,0.8442476773434884,3.321270362669283,9.1368147677032
3H1,19.0,3.275,SHWR,2.0,50.795500000000004,453.03,21.03,0.8442476773434884,1.6884953546869768,5.529822286599849
3H1,19.0,7.992000000000001,SHWR,1.034,50.795500000000004,455.14,23.14,0.8442476773434884,0.872952098373167,6.976633170198351
3H1,19.0,6.2879999999999985,SHWR,1.519,50.795500000000004,455.67,23.67,0.8442476773434884,1.2824122218847587,8.06380805121136
2D5,20.0,9.833,SHWR,1.411,50.76,465.06,9.06,0.8443337484433374,1.191354919053549,11.714592919053548
2D5,20.0,6.5,SHWR,2.0,50.76,466.68,10.68,0.8443337484433374,1.6886674968866748,10.976338729763386
2D8,21.0,5.47,SHWR,1.443,50.6195,486.42,6.42,0.8446734647913576,1.218863809693929,6.667185039025791
2D8,21.0,3.854,SHWR,2.0,50.6195,491.12,11.12,0.8446734647913576,1.6893469295827153,6.510743066611785
2D8,21.0,7.957000000000002,SHWR,1.474,50.6195,500.58,20.58,0.8446734647913576,1.245048687102461,9.906852403274286
2D9,22.0,12.237,SHWR,2.0,50.503,512.79,8.79,0.8449540288695598,1.6899080577391197,20.679404902553607
2D9,22.0,6.66,SHWR,2.0,50.503,522.04,18.04,0.8449540288695598,1.6899080577391197,11.254787664542537
2D9,22.0,1.5490000000000002,BATH,6.666,50.503,524.24,20.24,0.8449540288695598,5.6324635564444865,8.72468604893251
2D1,23.0,5.5760000000000005,SHWR,2.0,50.43600000000001,536.14,8.14,0.8451149247258534,1.6902298494517067,9.424721640542717
2D1,23.0,10.378,SHWR,1.916,50.43600000000001,536.4,8.4,0.8451149247258534,1.6192401957747349,16.8044747517502
4E5,24.0,6.589,SHWR,1.874,50.417500000000004,560.85,8.85,0.8451592923779662,1.5838285139163086,10.435846078194558
4E5,24.0,7.0870000000000015,SHWR,1.914,50.417500000000004,569.72,17.72,0.8451592923779662,1.617634885611427,11.464178434328186
4E5,24.0,3.73,SHWR,2.0,50.417500000000004,569.73,17.73,0.8451592923779662,1.6903185847559323,6.304888321139628
4E5,24.0,3.4810000000000003,BATH,3.056,50.417500000000004,570.89,18.89,0.8451592923779662,2.5828067975070645,8.990750462122092
3E9,25.0,4.454,SHWR,2.0,50.4585,585.5,9.5,0.8450609297893603,1.6901218595787206,7.5278027625636215
3E9,25.0,14.935,SHWR,2.0,50.4585,586.11,10.11,0.8450609297893603,1.6901218595787206,25.241969972808192
3E9,25.0,4.061,SHWR,1.663,50.4585,587.58,11.58,0.8450609297893603,1.4053363262397063,5.707070820859447
5D5,26.0,4.973,SHWR,2.0,50.443,607.43,7.43,0.8450981303344332,1.6901962606688663,8.405346004306272
5D5,26.0,4.849,SHWR,2.0,50.443,618.6,18.6,0.8450981303344332,1.6901962606688663,8.195761667983334
5D5,26.0,1.492,SHWR,1.42,50.443,618.91,18.91,0.8450981303344332,1.200039345074895,1.7904587028517434
5D5,26.0,4.476,SHWR,2.0,50.443,618.96,18.96,0.8450981303344332,1.6901962606688663,7.5653184627538455
5D5,26.0,3.979,BATH,3.094,50.443,622.14,22.14,0.8450981303344332,2.6147336152547362,10.404025055098595
2D5,27.0,9.833,SHWR,1.411,50.3475,633.06,9.06,0.8453269401801942,1.192756312594254,11.728372821739299
2D5,27.0,6.5,SHWR,2.0,50.3475,634.68,10.68,0.8453269401801942,1.6906538803603883,10.989250222342523
3D2,28.0,9.04,SHWR,1.707,50.31099999999999,656.15,8.15,0.845414212617292,1.4431220609377176,13.045823430876965
3D8,29.0,2.86,SHWR,2.0,50.2465,680.36,8.36,0.8455681932250766,1.6911363864501532,4.836650065247438
3D8,29.0,14.174,SHWR,1.932,50.2465,680.62,8.62,0.8455681932250766,1.6336377493108478,23.155181458731956
4D9,30.0,11.005,SHWR,1.464,50.199,705.86,9.86,0.8456813938056511,1.238077560531473,13.625043553648862
4D9,30.0,13.101,SHWR,2.0,50.199,714.84,18.84,0.8456813938056511,1.6913627876113022,22.15854388049567
4D9,30.0,4.847,SHWR,2.0,50.199,715.41,19.41,0.8456813938056511,1.6913627876113022,8.198035431551983
4D9,30.0,3.668,SHWR,2.0,50.199,716.6,20.6,0.8456813938056511,1.6913627876113022,6.203918704958257
4D9,30.0,2.62,SHWR,2.0,50.199,716.79,20.79,0.8456813938056511,1.6913627876113022,4.431370503541612
2E7,31.0,8.827,SHWR,1.293,50.1655,727.6,7.6,0.8457611302624375,1.0935691414293316,9.65293481139671
2E7,31.0,8.542,SHWR,1.229,50.1655,737.01,17.01,0.8457611302624375,1.0394404290925356,8.878900145308439
3E5,32.0,6.026,SHWR,2.0,50.069,753.26,9.26,0.8459903589964731,1.6919807179929462,10.195875806625494
3D3,33.0,6.122000000000001,SHWR,1.25,50.123,773.72,5.72,0.8458621699523713,1.057327712440464,6.472960255560522
3D3,33.0,2.42,BATH,4.839,50.123,775.33,7.33,0.8458621699523713,4.0931270403995255,9.905367437766852
2D9,34.0,12.237,SHWR,2.0,50.082,800.79,8.79,0.8459595181613727,1.6919190363227454,20.704013247481434
2D9,34.0,6.66,SHWR,2.0,50.082,810.04,18.04,0.8459595181613727,1.6919190363227454,11.268180781909484
2D9,34.0,1.5490000000000002,BATH,6.666,50.082,812.24,20.24,0.8459595181613727,5.639166148063711,8.73506836335069
4D8,35.0,12.053,SHWR,1.585,50.09,824.25,8.25,0.8459405330457557,1.3408157448775226,16.16085217300878
4D8,35.0,11.005,SHWR,1.614,50.09,836.8,20.8,0.8459405330457557,1.3653480203358497,15.025654963796027
4D8,35.0,8.516,SHWR,1.575,50.09,837.73,21.73,0.8459405330457557,1.3323563395470652,11.346346587582808
4D8,35.0,2.62,BATH,3.903,50.09,837.92,21.92,0.8459405330457557,3.3017059004775846,8.650469459251273
4D5,36.0,5.595,SHWR,2.0,50.168,846.9,6.9,0.8457551826258639,1.6915103652517278,9.464000493583416
4D5,36.0,6.341,SHWR,1.38,50.168,847.18,7.18,0.8457551826258639,1.1671421520236922,7.400848385982233
4D5,36.0,3.108,BATH,5.023,50.168,856.41,16.41,0.8457551826258639,4.248228282329714,13.203493501480752
2D0,37.0,3.979,SHWR,2.0,50.179500000000004,885.08,21.08,0.8457278175885715,1.691455635177143,6.730301972369852
2E2,39.0,6.122000000000001,SHWR,1.355,50.012499999999996,920.71,8.71,0.8461242546643585,1.1464983650702056,7.0188629909598
3D5,41.0,7.119,SHWR,1.476,49.88,965.87,5.87,0.8464373464373464,1.2493415233415233,8.894062304668303
3D5,41.0,1.4240000000000002,BATH,4.992,49.88,967.08,7.08,0.8464373464373464,4.225415233415233,6.016991292383292
3D5,41.0,4.841,SHWR,1.283,49.88,967.11,7.11,0.8464373464373464,1.0859791154791154,5.257224898034398
3D5,41.0,5.41,SHWR,2.0,49.88,978.9,18.9,0.8464373464373464,1.6928746928746927,9.158452088452087
2D7,42.0,5.502000000000002,SHWR,1.233,49.830999999999996,992.91,8.91,0.846552808850834,1.0437996133130782,5.7429854724485585
2D7,42.0,8.123,SHWR,1.237,49.830999999999996,998.3,14.3,0.846552808850834,1.0471858245484817,8.506290452807317
2D7,42.0,3.668,SHWR,1.881,49.830999999999996,1000.93,16.93,0.846552808850834,1.5923658334484188,5.8407978770888
2D7,42.0,3.93,BATH,1.77,49.830999999999996,1005.63,21.63,0.846552808850834,1.4983984716659762,5.888705993647287
2D8,43.0,5.47,SHWR,1.443,49.771499999999996,1014.42,6.42,0.8466927799964741,1.2217776815349122,6.683123917995969
2D8,43.0,3.854,SHWR,2.0,49.771499999999996,1019.12,11.12,0.8466927799964741,1.6933855599929482,6.526307948212822
2D8,43.0,7.957000000000002,SHWR,1.474,49.771499999999996,1028.58,20.58,0.8466927799964741,1.2480251577148027,9.930536179936688
4D1,44.0,15.833,SHWR,2.0,49.746500000000005,1038.41,6.41,0.846751515244393,1.693503030488786,26.813233481728947
4D1,44.0,13.5,SHWR,2.0,49.746500000000005,1038.81,6.81,0.846751515244393,1.693503030488786,22.86229091159861
4D1,44.0,3.0,BATH,3.513,49.746500000000005,1041.52,9.52,0.846751515244393,2.974638073053552,8.923914219160658
4E3,45.0,9.171,SHWR,2.0,49.7465,1064.98,8.98,0.8467515152443931,1.6935030304887861,15.531116292612657
4E3,45.0,6.2879999999999985,SHWR,2.0,49.7465,1074.88,18.88,0.8467515152443931,1.6935030304887861,10.648747055713486
3E8,46.0,7.729,SHWR,1.829,49.784000000000006,1088.3,8.3,0.8466633954857703,1.548547350343474,11.96872247080471
3E8,46.0,3.93,BATH,3.616,49.784000000000006,1094.4,14.4,0.8466633954857703,3.0615348380765455,12.031831913640824
3E8,46.0,5.632999999999999,SHWR,1.521,49.784000000000006,1099.85,19.85,0.8466633954857703,1.2877750245338566,7.254036713199214
4H3,47.0,4.323,SHWR,2.0,49.815,1112.11,8.11,0.84659047326839,1.69318094653678,7.3196212318785
4H3,47.0,3.799,SHWR,1.579,49.815,1123.91,19.91,0.84659047326839,1.3367663572907877,5.078375391347702
2D6,48.0,6.837999999999999,SHWR,2.0,49.87350000000001,1135.31,7.31,0.846452672875097,1.692905345750194,11.576086754239824
4D3,49.0,3.406,SHWR,1.405,49.932,1164.56,12.56,0.8463146247003135,1.1890720477039405,4.049979394479622
4D3,49.0,1.965,SHWR,1.888,49.932,1172.61,20.61,0.8463146247003135,1.5978420114341918,3.139759552468187
6D5,50.0,6.97,SHWR,1.4409999999999998,49.958999999999996,1183.52,7.52,0.8462508264018082,1.2194474408450053,8.499548662689687
6D5,50.0,3.717,SHWR,2.0,49.958999999999996,1185.1,9.1,0.8462508264018082,1.6925016528036163,6.291028643471042
6D5,50.0,1.859,SHWR,2.0,49.958999999999996,1185.31,9.31,0.8462508264018082,1.6925016528036163,3.146360572561923
6D5,50.0,5.421,SHWR,2.0,49.958999999999996,1196.55,20.55,0.8462508264018082,1.6925016528036163,9.175051459848405
5E1,52.0,19.333,SHWR,1.839,49.949,1231.48,7.48,0.8462744615763017,1.5562987348388189,30.087923440638882
5E1,52.0,15.5,SHWR,1.898,49.949,1232.58,8.58,0.8462744615763017,1.6062289280718205,24.896548385113217
5E1,52.0,9.667,SHWR,1.822,49.949,1237.68,13.68,0.8462744615763017,1.5419120689920218,14.905663970945875
5E1,52.0,3.833,SHWR,1.745,49.949,1237.85,13.85,0.8462744615763017,1.4767489354506467,5.660378669582329
2E6,53.0,21.356,SHWR,1.3630000000000002,50.0,1254.78,6.78,0.8461538461538461,1.1533076923076924,24.63003907692308
2E6,53.0,7.546,SHWR,1.332,50.0,1266.46,18.46,0.8461538461538461,1.127076923076923,8.504922461538461
2D1,55.0,5.5760000000000005,SHWR,2.0,50.185,1304.14,8.14,0.8457147265293528,1.6914294530587055,9.431410630255343
2D1,55.0,10.378,SHWR,1.916,50.185,1304.4,8.4,0.8457147265293528,1.62038941603024,16.81640135956183
2D4,56.0,4.476,SHWR,2.0,50.18650000000001,1328.47,8.47,0.8457111558548759,1.6914223117097518,7.570806267212848
3D6,58.0,9.294,SHWR,2.0,50.223499999999994,1374.03,6.03,0.8456230268693122,1.6912460537386245,15.718440823446777
1E1,59.0,16.245,SHWR,2.0,50.182500000000005,1400.79,8.79,0.8457206772862267,1.6914413545724534,27.477464805029506
1E1,59.0,5.502000000000002,SHWR,1.611,50.182500000000005,1413.79,21.79,0.8457206772862267,1.3624560111081112,7.49623297311683
4D4,61.0,9.04,SHWR,2.0,50.2395,1447.6,7.6,0.8455848858486268,1.6911697716972536,15.288174736143171
4D4,61.0,5.632999999999999,SHWR,2.0,50.2395,1459.46,19.46,0.8455848858486268,1.6911697716972536,9.526359323970627
2D3,62.0,2.705,SHWR,1.746,50.226,1470.21,6.21,0.8456170685768981,1.476447401735264,3.993790221693889
2D3,62.0,4.129,SHWR,2.0,50.226,1471.27,7.27,0.8456170685768981,1.6912341371537962,6.983105752308024
3D7,64.0,3.406,SHWR,2.0,50.173500000000004,1520.05,8.05,0.8457420962106545,1.691484192421309,5.761195159386979
3D7,64.0,3.013,SHWR,2.0,50.173500000000004,1522.04,10.04,0.8457420962106545,1.691484192421309,5.096441871765404
3D7,64.0,4.192,SHWR,1.584,50.173500000000004,1531.56,19.56,0.8457420962106545,1.3396554803976768,5.615835773827062
3E6,66.0,10.088,SHWR,2.0,50.0785,1578.18,18.18,0.8459678226781574,1.6919356453563148,17.068246790354504
3E6,66.0,7.86,SHWR,1.711,50.0785,1579.44,19.44,0.8459678226781574,1.4474509446023274,11.376964424574293
1E8,67.0,8.908999999999997,SHWR,2.0,50.0745,1597.22,13.22,0.8459773124581251,1.6919546249162503,15.073623753378868
3D4,68.0,6.026,SHWR,2.0,50.123000000000005,1615.92,7.92,0.8458621699523714,1.6917243399047428,10.19433087226598
3D4,68.0,6.157,SHWR,2.0,50.123000000000005,1616.64,8.64,0.8458621699523714,1.6917243399047428,10.415946760793501
2D0,69.0,3.979,SHWR,2.0,50.2275,1653.08,21.08,0.8456134933806785,1.691226986761357,6.7293921803234396
2D7,70.0,5.502000000000002,SHWR,1.233,50.359500000000004,1664.91,8.91,0.845298226344165,1.0422527130823556,5.734474427379122
2D7,70.0,8.123,SHWR,1.237,50.359500000000004,1670.3,14.3,0.845298226344165,1.0456339059877322,8.493684218338348
2D7,70.0,3.668,SHWR,1.881,50.359500000000004,1672.93,16.93,0.845298226344165,1.5900059637533743,5.832141875047378
2D7,70.0,3.93,BATH,1.77,50.359500000000004,1677.63,21.63,0.845298226344165,1.496177860629172,5.879978992272647
4D6,72.0,7.211,SHWR,1.88,50.70349999999999,1711.29,7.29,0.8444705388318182,1.5876046130038182,11.448216864370533
4D6,72.0,6.837999999999999,SHWR,1.84,50.70349999999999,1715.3,11.3,0.8444705388318182,1.5538257914505456,10.62506076193883
4D6,72.0,3.606,SHWR,1.5830000000000002,50.70349999999999,1716.82,12.82,0.8444705388318182,1.3367968629707685,4.8204894878725915
4D6,72.0,8.081,SHWR,1.893,50.70349999999999,1720.48,16.48,0.8444705388318182,1.598582730008632,12.918147041199754
2E4,73.0,4.476,SHWR,1.975,50.876999999999995,1737.68,9.68,0.8440497169502362,1.6669981909767166,7.461483902811784
2E4,73.0,2.86,SHWR,2.0,50.876999999999995,1739.81,11.81,0.8440497169502362,1.6880994339004725,4.827964380955351
3E1,74.0,10.378,SHWR,2.0,51.085499999999996,1759.61,7.61,0.843540980528675,1.68708196105735,17.50853659185318
3E1,74.0,11.462,SHWR,2.0,51.085499999999996,1762.49,10.49,0.843540980528675,1.68708196105735,19.337333437639344
4D6,75.0,7.211,SHWR,1.88,51.2585,1783.29,7.29,0.8431163370802381,1.5850587137108476,11.429858384568922
4D6,75.0,6.837999999999999,SHWR,1.84,51.2585,1787.3,11.3,0.8431163370802381,1.5513340602276382,10.608022303836588
4D6,75.0,3.606,SHWR,1.5830000000000002,51.2585,1788.82,12.82,0.8431163370802381,1.334653161598017,4.812759300722449
4D6,75.0,8.081,SHWR,1.893,51.2585,1792.48,16.48,0.8431163370802381,1.5960192260928907,12.897431366056649
5D6,76.0,5.371,SHWR,2.0,51.362,1805.91,5.91,0.8428611835695653,1.6857223671391306,9.05401483390427
5D6,76.0,10.612,SHWR,2.0,51.362,1810.91,10.91,0.8428611835695653,1.6857223671391306,17.888885760080456
5D6,76.0,3.537,SHWR,2.0,51.362,1816.68,16.68,0.8428611835695653,1.6857223671391306,5.962400012571105
2D9,77.0,12.237,SHWR,2.0,51.4785,1832.79,8.79,0.8425729870988563,1.6851459741977126,20.62113128625741
2D9,77.0,6.66,SHWR,2.0,51.4785,1842.04,18.04,0.8425729870988563,1.6851459741977126,11.223072188156767
2D9,77.0,1.5490000000000002,BATH,6.666,51.4785,1844.24,20.24,0.8425729870988563,5.616591532000976,8.700100283069514
2D8,78.0,5.47,SHWR,1.443,51.578,1854.42,6.42,0.8423260067484469,1.215476427738009,6.648656059726909
2D8,78.0,3.854,SHWR,2.0,51.578,1859.12,11.12,0.8423260067484469,1.6846520134968939,6.492648860017029
2D8,78.0,7.957000000000002,SHWR,1.474,51.578,1868.58,20.58,0.8423260067484469,1.2415885339472108,9.879319964617958
6D3,79.0,5.421,BATH,4.255,51.684000000000005,1886.13,14.13,0.8420620380314612,3.582973971823867,19.423301901257183
6D7,84.0,3.667,SHWR,2.0,52.181000000000004,1998.21,6.21,0.8408124930355465,1.681624986071093,6.166518823922698
6D7,84.0,5.0,SHWR,1.446,52.181000000000004,2001.89,9.89,0.8408124930355465,1.2158148649294003,6.079074324647001
6D7,84.0,8.667,SHWR,2.0,52.181000000000004,2011.57,19.57,0.8408124930355465,1.681624986071093,14.574643754278163
4D1,85.0,15.833,SHWR,2.0,52.244,2022.41,6.41,0.840652686595704,1.681305373191408,26.620107973739564
4D1,85.0,13.5,SHWR,2.0,52.244,2022.81,6.81,0.840652686595704,1.681305373191408,22.69762253808401
4D1,85.0,3.0,BATH,3.513,52.244,2025.52,9.52,0.840652686595704,2.9532128880107082,8.859638664032126
1D1,86.0,16.109,SHWR,1.891,52.4015,2054.44,14.44,0.8402517632211635,1.5889160842512202,25.59584920120291
2E8,88.0,9.171,SHWR,2.0,52.69500000000001,2097.94,9.94,0.8394992376213787,1.6789984752427574,15.398095016451327
2E8,88.0,4.585,SHWR,2.0,52.69500000000001,2106.28,18.28,0.8394992376213787,1.6789984752427574,7.6982080089880425
2E8,88.0,6.157,SHWR,2.0,52.69500000000001,2109.28,21.28,0.8394992376213787,1.6789984752427574,10.337593612069657
2D4,89.0,4.476,SHWR,2.0,52.824,2120.47,8.47,0.8391662377766341,1.6783324755532683,7.512216160576429
2H9,90.0,9.076,SHWR,2.0,53.002,2144.45,8.45,0.8387044743378819,1.6774089486757637,15.224163618181233
2H9,90.0,6.714,SHWR,2.0,53.002,2146.98,10.98,0.8387044743378819,1.6774089486757637,11.26212368140908
2H9,90.0,7.584,SHWR,2.0,53.002,2155.27,19.27,0.8387044743378819,1.6774089486757637,12.721469466756991
2H9,90.0,4.352,SHWR,1.596,53.002,2157.92,21.92,0.8387044743378819,1.3385723410432595,5.825466828220266
2D5,91.0,9.833,SHWR,1.411,53.1625,2169.06,9.06,0.8382858297958359,1.1828213058419244,11.630681900343642
2D5,91.0,6.5,SHWR,2.0,53.1625,2170.68,10.68,0.8382858297958359,1.6765716595916718,10.897715787345867
1D7,92.0,6.2639999999999985,SHWR,2.0,53.389,2193.05,9.05,0.8376913213549528,1.6753826427099057,10.494596873934846
2D3,93.0,2.705,SHWR,1.746,53.513999999999996,2214.21,6.21,0.8373613505513451,1.4620329180626486,3.9547990433594644
2D3,93.0,4.129,SHWR,2.0,53.513999999999996,2215.27,7.27,0.8373613505513451,1.6747227011026902,6.914930032853007
5E9,94.0,4.352,SHWR,1.713,53.576,2238.5,6.5,0.8371971867673873,1.4341187809325344,6.24128493461839
5E9,94.0,6.341,SHWR,2.0,53.576,2239.51,7.51,0.8371971867673873,1.6743943735347746,10.617334722584006
5E9,94.0,7.46,SHWR,1.956,53.576,2241.17,9.17,0.8371971867673873,1.6375576973170096,12.216180421984891
5E9,94.0,9.076,SHWR,1.888,53.576,2241.58,9.58,0.8371971867673873,1.5806282886168272,14.345782347486326
5E9,94.0,2.86,SHWR,2.0,53.576,2242.27,10.27,0.8371971867673873,1.6743943735347746,4.788767908309455
5E9,94.0,6.0920000000000005,SHWR,1.79,53.576,2243.01,11.01,0.8371971867673873,1.4985829643136233,9.129367418598594
5E9,94.0,12.309,SHWR,1.711,53.576,2249.82,17.82,0.8371971867673873,1.4324443865589997,17.63195795415473
3E4,95.0,8.516,SHWR,2.0,53.6305,2266.27,10.27,0.8370526075656475,1.674105215131295,14.256680012058109
3E4,95.0,4.454,SHWR,2.0,53.6305,2266.98,10.98,0.8370526075656475,1.674105215131295,7.456464628194787
2D1,96.0,5.5760000000000005,SHWR,2.0,53.776,2288.14,8.14,0.8366653599895466,1.6733307199790932,9.330492094603425
2D1,96.0,10.378,SHWR,1.916,53.776,2288.4,8.4,0.8366653599895466,1.6030508297399713,16.63646151104142
2D6,97.0,6.837999999999999,SHWR,2.0,53.9495,2311.31,7.31,0.8362011777135322,1.6724023554270644,11.435887306410265
6D6,98.0,4.833,SHWR,2.0,54.0355,2334.26,6.26,0.8359701137547261,1.6719402275094521,8.080487119553183
6D6,98.0,3.667,SHWR,2.0,54.0355,2335.91,7.91,0.8359701137547261,1.6719402275094521,6.131004814277161
6D6,98.0,9.833,SHWR,2.0,54.0355,2336.2,8.2,0.8359701137547261,1.6719402275094521,16.440188257100445
4D3,99.0,3.406,SHWR,1.405,54.086,2364.56,12.56,0.8358341268017204,1.1743469481564173,3.9998257054207573
4D3,99.0,1.965,SHWR,1.888,54.086,2372.61,20.61,0.8358341268017204,1.578054831401648,3.1008777437042387
3D9,100.0,4.103,SHWR,1.3130000000000002,54.091,2376.21,0.21,0.8358206504785828,1.0974325140783794,4.5027656052635905
3D9,100.0,4.227,SHWR,1.348,54.091,2384.8,8.8,0.8358206504785828,1.1266862368451296,4.7625027231443635
3D9,100.0,3.73,SHWR,1.146,54.091,2386.25,10.25,0.8358206504785828,0.9578504654484558,3.57278223612274
3D9,100.0,4.973,SHWR,1.329,54.091,2390.01,14.01,0.8358206504785828,1.1108056444860366,5.52403647002906
3D9,100.0,2.114,BATH,4.634,54.091,2390.81,14.81,0.8358206504785828,3.8731928943177527,8.187929778587728
4E8,101.0,13.232,SHWR,2.0,54.1415,2407.72,7.72,0.835684415488387,1.671368830976774,22.11555237148467
4E8,101.0,6.419,SHWR,2.0,54.1415,2419.95,19.95,0.835684415488387,1.671368830976774,10.728516526039911
6E8,102.0,14.833,SHWR,1.443,54.157,2432.8,8.8,0.8356425554295482,1.2058322074848382,17.886109133622604
6E8,102.0,6.0,SHWR,2.0,54.157,2439.34,15.34,0.8356425554295482,1.6712851108590965,10.02771066515458
6E8,102.0,10.833,SHWR,2.0,54.157,2439.55,15.55,0.8356425554295482,1.6712851108590965,18.105031605936592
6E8,102.0,5.332999999999998,SHWR,2.0,54.157,2444.5,20.5,0.8356425554295482,1.6712851108590965,8.912963496211558
1D6,103.0,11.772,SHWR,1.492,54.18600000000001,2457.39,9.39,0.8355641793008188,1.2466617555168218,14.675702185944026
1D4,104.0,3.0980000000000003,SHWR,1.644,54.221999999999994,2478.94,6.94,0.835466780743032,1.3735073875415447,4.255125886603706
4D5,105.0,5.595,SHWR,2.0,54.251000000000005,2502.9,6.9,0.8353882368434048,1.6707764736868096,9.3479943702777
4D5,105.0,6.341,SHWR,1.38,54.251000000000005,2503.18,7.18,0.8353882368434048,1.1528357668438984,7.31013159755716
4D5,105.0,3.108,BATH,5.023,54.251000000000005,2512.41,16.41,0.8353882368434048,4.196155113664422,13.041650093269023
5D8,106.0,7.59,SHWR,1.842,54.3425,2526.99,6.99,0.8351399249886658,1.5383277418291226,11.67590756048304
5D8,106.0,12.237,SHWR,1.984,54.3425,2527.37,7.37,0.8351399249886658,1.656917611177513,20.275700807979227
5D8,106.0,11.307,SHWR,1.765,54.3425,2541.59,21.59,0.8351399249886658,1.474021967604995,16.66676638770968
1D9,107.0,8.908999999999997,SHWR,2.0,54.4935,2566.09,22.09,0.8347285002437754,1.6694570004875509,14.873192417343585
2E1,108.0,15.518,SHWR,2.0,54.6305,2577.46,9.46,0.8343534400649335,1.668706880129867,25.894993365855278
2E1,108.0,8.115,SHWR,2.0,54.6305,2580.2,12.2,0.8343534400649335,1.668706880129867,13.54155633225387
2E9,109.0,8.984,SHWR,1.561,54.781499999999994,2608.29,16.29,0.8339380755083571,1.3017773358685454,11.695167585443011
2E9,109.0,7.59,SHWR,2.0,54.781499999999994,2609.61,17.61,0.8339380755083571,1.6678761510167142,12.659179986216861
2E9,109.0,2.943,BATH,3.322,54.781499999999994,2613.12,21.12,0.8339380755083571,2.7703422868387624,8.153117350166477
4D9,110.0,11.005,SHWR,1.464,54.803,2625.86,9.86,0.8338787647224944,1.2207985115537319,13.434887619648821
4D9,110.0,13.101,SHWR,2.0,54.803,2634.84,18.84,0.8338787647224944,1.667757529444989,21.849291393258802
4D9,110.0,4.847,SHWR,2.0,54.803,2635.41,19.41,0.8338787647224944,1.667757529444989,8.083620745219863
4D9,110.0,3.668,SHWR,2.0,54.803,2636.6,20.6,0.8338787647224944,1.667757529444989,6.11733461800422
4D9,110.0,2.62,SHWR,2.0,54.803,2636.79,20.79,0.8338787647224944,1.667757529444989,4.369524727145871
2D9,111.0,12.237,SHWR,2.0,54.8695,2648.79,8.79,0.8336950466069631,1.6673900932139263,20.403852570658817
2D9,111.0,6.66,SHWR,2.0,54.8695,2658.04,18.04,0.8336950466069631,1.6673900932139263,11.10481802080475
2D9,111.0,1.5490000000000002,BATH,6.666,54.8695,2660.24,20.24,0.8336950466069631,5.557411180682017,8.608429918876444
3D0,113.0,5.222,SHWR,2.0,54.9815,2707.51,19.51,0.8333847063821989,1.6667694127643977,8.703869873455686
1D8,114.0,12.5,SHWR,1.787,55.1075,2719.75,7.75,0.8330341862503652,1.4886320908294026,18.607901135367534
1E5,115.0,7.119,SHWR,2.0,55.3065,2754.01,18.01,0.8324775729350767,1.6649551458701535,11.852815683449622
6E3,116.0,8.5,SHWR,2.0,55.551500000000004,2780.64,20.64,0.8317871771365131,1.6635743542730261,14.140382011320723
2D0,117.0,3.979,SHWR,2.0,55.796,2805.08,21.08,0.8310924937504223,1.6621849875008445,6.613834065265861
3D2,118.0,9.04,SHWR,1.707,56.0295,2816.15,8.15,0.8304236864194809,1.417533232718054,12.814500423771207
5D3,119.0,6.832999999999998,SHWR,1.218,56.235499999999995,2838.77,6.77,0.8298292336359537,1.0107320065685916,6.906331800883185
4D2,120.0,6.832999999999998,SHWR,1.311,56.452,2863.93,7.93,0.8291999726719956,1.0870811641729863,7.428025594794014
4D2,120.0,2.833,BATH,3.406,56.452,2865.1,9.1,0.8291999726719956,2.824255106920817,8.001114717906676
2D4,121.0,4.476,SHWR,2.0,56.6785,2888.47,8.47,0.8285366460053325,1.657073292010665,7.4170600550397365
4E4,122.0,6.681,SHWR,1.839,56.800000000000004,2913.01,9.01,0.8281786941580755,1.523020618556701,10.17530075257732
4E4,122.0,4.585,SHWR,1.781,56.800000000000004,2918.28,14.28,0.8281786941580755,1.4749862542955325,6.7628119759450165
4E4,122.0,6.2879999999999985,SHWR,1.967,56.800000000000004,2925.91,21.91,0.8281786941580755,1.6290274914089347,10.243324865979378
2E1,123.0,15.518,SHWR,2.0,56.802499999999995,2937.46,9.46,0.8281713132007389,1.6563426264014778,25.703124876498133
2E1,123.0,8.115,SHWR,2.0,56.802499999999995,2940.2,12.2,0.8281713132007389,1.6563426264014778,13.441220413247992
2D3,124.0,2.705,SHWR,1.746,56.882000000000005,2958.21,6.21,0.8279362675935166,1.44557672321828,3.910285036305447
2D3,124.0,4.129,SHWR,2.0,56.882000000000005,2959.27,7.27,0.8279362675935166,1.6558725351870331,6.837097697787259
6D4,125.0,3.013,SHWR,2.0,57.055499999999995,2981.25,5.25,0.8274210667103867,1.6548421334207735,4.98603934799679
6D4,125.0,11.005,SHWR,2.0,57.055499999999995,2981.65,5.65,0.8274210667103867,1.6548421334207735,18.211537678295613
6D4,125.0,9.957,SHWR,2.0,57.055499999999995,2995.47,19.47,0.8274210667103867,1.6548421334207735,16.477263122470642
2D7,126.0,5.502000000000002,SHWR,1.233,57.282,3008.91,8.91,0.8267438234173048,1.0193751342735369,5.608601988773001
2D7,126.0,8.123,SHWR,1.237,57.282,3014.3,14.3,0.8267438234173048,1.022682109567206,8.307246776014415
2D7,126.0,3.668,SHWR,1.881,57.282,3016.93,16.93,0.8267438234173048,1.5551051318479503,5.704125623618282
2D7,126.0,3.93,BATH,1.77,57.282,3021.63,21.63,0.8267438234173048,1.4633365674486294,5.750912710073114
3D3,127.0,6.122000000000001,SHWR,1.25,57.4905,3029.72,5.72,0.8261156852346134,1.0326446065432668,6.3218502812578805
3D3,127.0,2.42,BATH,4.839,57.4905,3031.33,7.33,0.8261156852346134,3.9975738008502946,9.674128598057713
1D1,128.0,16.109,SHWR,1.891,57.6325,3062.44,14.44,0.8256852747635857,1.5613708545779406,25.152123096396046
6E1,130.0,11.833,SHWR,1.482,58.00749999999999,3104.58,8.58,0.8245383164451463,1.2219657849717067,14.459521133570206
6E1,130.0,5.5,SHWR,1.638,58.00749999999999,3105.53,9.53,0.8245383164451463,1.3505937623371496,7.428265692854323
6E1,130.0,21.333,SHWR,1.568,58.00749999999999,3105.62,9.62,0.8245383164451463,1.2928760801859895,27.580925418607713
6E1,130.0,13.5,SHWR,1.467,58.00749999999999,3107.26,11.26,0.8245383164451463,1.2095977102250297,16.3295690880379
6E1,130.0,2.333,SHWR,1.281,58.00749999999999,3115.22,19.22,0.8245383164451463,1.0562335833662324,2.4641929499934205
6E1,130.0,6.332999999999998,SHWR,1.274,58.00749999999999,3115.26,19.26,0.8245383164451463,1.0504618151511165,6.652574675352019
6E1,130.0,11.5,SHWR,1.203,58.00749999999999,3117.04,21.04,0.8245383164451463,0.9919195946835111,11.407075338860377
4D7,131.0,3.275,SHWR,2.0,58.317499999999995,3126.5,6.5,0.8235787059498082,1.6471574118996164,5.394440523971244
4D7,131.0,7.205,SHWR,1.81,58.317499999999995,3140.63,20.63,0.8235787059498082,1.4906774577691528,10.740331083226746
4D7,131.0,7.336,SHWR,1.632,58.317499999999995,3140.63,20.63,0.8235787059498082,1.344080448110087,9.860174167335598
3D9,132.0,4.103,SHWR,1.3130000000000002,58.60600000000001,3144.21,0.21,0.822676171223889,1.0801738128169664,4.4319531539880135
3D9,132.0,4.227,SHWR,1.348,58.60600000000001,3152.8,8.8,0.822676171223889,1.1089674788098025,4.687605532929036
3D9,132.0,3.73,SHWR,1.146,58.60600000000001,3154.25,10.25,0.822676171223889,0.9427868922225767,3.516595107990211
3D9,132.0,4.973,SHWR,1.329,58.60600000000001,3158.01,14.01,0.822676171223889,1.0933366315565485,5.437163068730715
3D9,132.0,2.114,BATH,4.634,58.60600000000001,3158.81,14.81,0.822676171223889,3.812281377451502,8.059162831932476
1D6,133.0,11.772,SHWR,1.492,58.944,3177.39,9.39,0.8216069644641073,1.2258375909804482,14.430560121021836
2D6,134.0,6.837999999999999,SHWR,2.0,59.257,3199.31,7.31,0.8206052777927273,1.6412105555854546,11.222597779093338
2D8,135.0,5.47,SHWR,1.443,59.458,3222.42,6.42,0.8199560692809046,1.1831966079723453,6.4720854456087284
2D8,135.0,3.854,SHWR,2.0,59.458,3227.12,11.12,0.8199560692809046,1.6399121385618092,6.320221382017213
2D8,135.0,7.957000000000002,SHWR,1.474,59.458,3236.58,20.58,0.8199560692809046,1.2086152461200534,9.616951513377268
3E3,136.0,9.946,SHWR,1.683,59.7395,3250.1,10.1,0.8190389156811828,1.3784424950914307,13.709989056179369
3E7,137.0,8.385,SHWR,2.0,60.0035,3273.82,9.82,0.8181702471975489,1.6363404943950979,13.720715045502896
3E7,137.0,3.406,SHWR,2.0,60.0035,3274.25,10.25,0.8181702471975489,1.6363404943950979,5.573375723909703
2D5,138.0,9.833,SHWR,1.411,60.194,3297.06,9.06,0.8175382257417071,1.1535464365215486,11.342822110316389
2D5,138.0,6.5,SHWR,2.0,60.194,3298.68,10.68,0.8175382257417071,1.6350764514834142,10.627996934642193
5D1,140.0,3.833,SHWR,2.0,60.557500000000005,3342.94,6.94,0.8163199706111953,1.6326399412223906,6.257908894705424
5D1,140.0,23.667,SHWR,1.851,60.557500000000005,3343.0,7.0,0.8163199706111953,1.5110082656013226,35.7610326219865
5D1,140.0,13.667,SHWR,1.643,60.557500000000005,3351.53,15.53,0.8163199706111953,1.341213711714194,18.33036779799789
5D1,140.0,12.5,SHWR,1.405,60.557500000000005,3351.54,15.54,0.8163199706111953,1.1469295587087294,14.336619483859117
1D7,141.0,6.2639999999999985,SHWR,2.0,60.919,3369.05,9.05,0.8150921765499899,1.6301843530999798,10.21147478781827
2D1,142.0,5.5760000000000005,SHWR,2.0,61.3685,3392.14,8.14,0.8135424144392754,1.6270848288785509,9.0726250058268
2D1,142.0,10.378,SHWR,1.916,61.3685,3392.4,8.4,0.8135424144392754,1.5587472660656516,16.17667912722933
6E2,143.0,6.55,SHWR,1.886,61.8665,3415.1,7.1,0.8117948187113592,1.5310450280896233,10.028344933987032
4E7,144.0,6.419,SHWR,2.0,62.253,3450.7,18.7,0.8104157582421749,1.6208315164843499,10.40411750431304
4E7,144.0,4.716,SHWR,2.0,62.253,3451.12,19.12,0.8104157582421749,1.6208315164843499,7.643841431740194
4E7,144.0,3.013,SHWR,2.0,62.253,3452.07,20.07,0.8104157582421749,1.6208315164843499,4.883565359167346
5H4,145.0,6.9620000000000015,SHWR,2.0,62.548,3462.35,6.35,0.8093495004956913,1.6186990009913826,11.269382444902009
5H4,145.0,3.357,SHWR,2.0,62.548,3463.19,7.19,0.8093495004956913,1.6186990009913826,5.4339725463280715
5H4,145.0,7.335,SHWR,2.0,62.548,3466.19,10.19,0.8093495004956913,1.6186990009913826,11.873157172271792
4D4,146.0,9.04,SHWR,2.0,62.714,3487.6,7.6,0.808744214512489,1.617488429024978,14.6220953983858
4D4,146.0,5.632999999999999,SHWR,2.0,62.714,3499.46,19.46,0.808744214512489,1.617488429024978,9.1113123206977
5D9,147.0,2.014,BATH,5.557,62.883,3510.25,6.25,0.8081240286278949,4.490745227085212,9.044360887349617
5D9,147.0,4.337,SHWR,2.0,62.883,3516.59,12.59,0.8081240286278949,1.6162480572557898,7.00966782431836
5D9,147.0,28.346,SHWR,2.0,62.883,3527.09,23.09,0.8081240286278949,1.6162480572557898,45.81416743097262
1D8,148.0,12.5,SHWR,1.787,63.0975,3535.75,7.75,0.8073310534174655,1.4427005924570107,18.033757405712635
2D6,149.0,6.837999999999999,SHWR,2.0,63.3995,3559.31,7.31,0.806203428261354,1.612406856522708,11.025638084902276
6E6,150.0,19.362,SHWR,1.6369999999999998,63.7715,3587.07,11.07,0.804796158388397,1.3174513112818058,25.508492289038323
6E6,150.0,4.337,SHWR,2.0,63.7715,3594.14,18.14,0.804796158388397,1.609592316776794,6.980801877860955
6E6,150.0,3.408,SHWR,2.0,63.7715,3597.59,21.59,0.804796158388397,1.609592316776794,5.485490615575314
1E9,151.0,6.2879999999999985,SHWR,2.0,64.063,3616.02,16.02,0.8036790545183266,1.607358109036653,10.107067789622473
2D9,152.0,12.237,SHWR,2.0,64.30199999999999,3632.79,8.79,0.8027535602982366,1.6055071205964733,19.646590634739045
2D9,152.0,6.66,SHWR,2.0,64.30199999999999,3642.04,18.04,0.8027535602982366,1.6055071205964733,10.692677423172512
2D9,152.0,1.5490000000000002,BATH,6.666,64.30199999999999,3644.24,20.24,0.8027535602982366,5.351155232948046,8.288939455836525
4D8,153.0,12.053,SHWR,1.585,64.6115,3656.25,8.25,0.8015420185161296,1.2704440993480655,15.312662729442234
4D8,153.0,11.005,SHWR,1.614,64.6115,3668.8,20.8,0.8015420185161296,1.2936888178850332,14.237045440824792
4D8,153.0,8.516,SHWR,1.575,64.6115,3669.73,21.73,0.8015420185161296,1.262428679162904,10.75084263175129
4D8,153.0,2.62,BATH,3.903,64.6115,3669.92,21.92,0.8015420185161296,3.128418498268454,8.19645646546335
3D0,154.0,5.222,SHWR,2.0,64.931,3691.51,19.51,0.80027561964489,1.60055123928978,8.358078571571232
5D7,155.0,6.714,SHWR,2.0,65.2995,3703.02,7.02,0.7987947807366124,1.5975895614732247,10.726216315731232
5D7,155.0,10.817,SHWR,2.0,65.2995,3704.37,8.37,0.7987947807366124,1.5975895614732247,17.281126286455873
5D7,155.0,8.579,SHWR,2.0,65.2995,3707.14,11.14,0.7987947807366124,1.5975895614732247,13.705720847878796
5D7,155.0,7.0870000000000015,SHWR,2.0,65.2995,3717.96,21.96,0.7987947807366124,1.5975895614732247,11.322117222160745
2D1,156.0,5.5760000000000005,SHWR,2.0,65.6925,3728.14,8.14,0.7971910966891447,1.5943821933782893,8.890275110277342
2D1,156.0,10.378,SHWR,1.916,65.6925,3728.4,8.4,0.7971910966891447,1.5274181412564012,15.851545469958932
4E1,157.0,6.66,SHWR,2.0,66.11699999999999,3750.14,6.14,0.7954299040566251,1.5908598081132501,10.595126322034247
4E1,157.0,3.872,SHWR,2.0,66.11699999999999,3750.26,6.26,0.7954299040566251,1.5908598081132501,6.1598091770145045
4E1,157.0,7.745,SHWR,2.0,66.11699999999999,3750.96,6.96,0.7954299040566251,1.5908598081132501,12.321209213837122
4E1,157.0,5.421,BATH,4.512,66.11699999999999,3763.54,19.54,0.7954299040566251,3.588979727103492,19.45585910062803
4E1,157.0,2.7880000000000003,SHWR,2.0,66.11699999999999,3765.25,21.25,0.7954299040566251,1.5908598081132501,4.4353171450197415
4E1,157.0,3.872,SHWR,2.0,66.11699999999999,3765.38,21.38,0.7954299040566251,1.5908598081132501,6.1598091770145045
4E1,157.0,6.041,SHWR,2.0,66.11699999999999,3766.21,22.21,0.7954299040566251,1.5908598081132501,9.610384100812144
5E5,158.0,11.617,SHWR,2.0,66.5555,3777.59,9.59,0.7935782183736028,1.5871564367472055,18.43799632569229
5E5,158.0,11.772,SHWR,1.672,66.5555,3785.96,17.96,0.7935782183736028,1.3268627811206637,15.619828659352454
5E5,158.0,4.647,SHWR,2.0,66.5555,3786.0,18.0,0.7935782183736028,1.5871564367472055,7.375515961564265
2D7,159.0,5.502000000000002,SHWR,1.233,66.9485,3800.91,8.91,0.7918899514063037,0.9764003100839725,5.372154506082018
2D7,159.0,8.123,SHWR,1.237,66.9485,3806.3,14.3,0.7918899514063037,0.9795678698895978,7.957029807113202
2D7,159.0,3.668,SHWR,1.881,66.9485,3808.93,16.93,0.7918899514063037,1.4895449985952574,5.463651054847404
2D7,159.0,3.93,BATH,1.77,66.9485,3813.63,21.63,0.7918899514063037,1.4016452139891575,5.508465690977389
2D4,160.0,4.476,SHWR,2.0,67.2645,3824.47,8.47,0.7905123021650554,1.5810246043301108,7.076666128981576
2D5,161.0,9.833,SHWR,1.411,67.521,3849.06,9.06,0.7893805682512268,1.113815981802481,10.952152549063797
2D5,161.0,6.5,SHWR,2.0,67.521,3850.68,10.68,0.7893805682512268,1.5787611365024536,10.261947387265948
5D2,162.0,2.611,SHWR,2.0,67.732,3873.52,9.52,0.7884403824997884,1.5768807649995769,4.117235677413896
5D2,162.0,3.979,SHWR,2.0,67.732,3880.67,16.67,0.7884403824997884,1.5768807649995769,6.274408563933316
3D4,166.0,6.026,SHWR,2.0,68.486,3967.92,7.92,0.7850109644408135,1.570021928881627,9.460952143440684
3D4,166.0,6.157,SHWR,2.0,68.486,3968.64,8.64,0.7850109644408135,1.570021928881627,9.666625016124177
1D4,168.0,3.0980000000000003,SHWR,1.644,68.8695,4014.94,6.94,0.7832236806451263,1.2876197309805875,3.98904592657786
2D8,169.0,5.47,SHWR,1.443,69.0915,4038.42,6.42,0.7821754141389939,1.1286791226025683,6.173874800636049
2D8,169.0,3.854,SHWR,2.0,69.0915,4043.12,11.12,0.7821754141389939,1.5643508282779879,6.029008092183365
2D8,169.0,7.957000000000002,SHWR,1.474,69.0915,4052.58,20.58,0.7821754141389939,1.1529265604408772,9.17383664142806
6D8,170.0,4.337,SHWR,1.995,69.3135,4061.02,5.02,0.7811169601523426,1.5583283355039235,6.758469991080515
6D8,170.0,15.489,SHWR,1.361,69.3135,4067.79,11.79,0.7811169601523426,1.0631001827673383,16.466358730883304
6D8,170.0,10.378,SHWR,1.571,69.3135,4074.38,18.38,0.7811169601523426,1.2271347443993301,12.735204377376249
6D8,170.0,11.307,SHWR,1.297,69.3135,4075.72,19.72,0.7811169601523426,1.0131086973175882,11.455220040569971
6D8,170.0,7.9,SHWR,1.48,69.3135,4077.78,21.78,0.7811169601523426,1.1560531010254669,9.132819498101188
3E2,171.0,2.358,SHWR,1.75,69.458,4087.62,7.62,0.7804224671731589,1.3657393175530281,3.2204133107900406
3E2,171.0,2.358,BATH,5.477,69.458,4097.64,17.64,0.7804224671731589,4.274373852707392,10.078973544684029
5E6,172.0,5.843,SHWR,2.0,69.52250000000001,4119.06,15.06,0.7801110439228189,1.5602220878456379,9.116377659282062
5E6,172.0,3.73,SHWR,2.0,69.52250000000001,4120.04,16.04,0.7801110439228189,1.5602220878456379,5.819628387664229
5E6,172.0,2.362,SHWR,2.0,69.52250000000001,4127.02,23.02,0.7801110439228189,1.5602220878456379,3.685244571491397
3D5,173.0,7.119,SHWR,1.476,69.489,4133.87,5.87,0.7802729010568873,1.1516828019599656,8.198829867152995
3D5,173.0,1.4240000000000002,BATH,4.992,69.489,4135.08,7.08,0.7802729010568873,3.895122322075981,5.546654186636198
3D5,173.0,4.841,SHWR,1.283,69.489,4135.11,7.11,0.7802729010568873,1.0010901320559864,4.846277329283031
3D5,173.0,5.41,SHWR,2.0,69.489,4146.9,18.9,0.7802729010568873,1.5605458021137746,8.44255278943552
4D3,175.0,3.406,SHWR,1.405,69.5445,4188.56,12.56,0.7800046199029821,1.0959064909636898,3.7326575082223274
4D3,175.0,1.965,SHWR,1.888,69.5445,4196.61,20.61,0.7800046199029821,1.47264872237683,2.8937547394704715
4D6,176.0,7.211,SHWR,1.88,69.658,4207.29,7.29,0.7794539279255437,1.465373384500022,10.566807475629659
4D6,176.0,6.837999999999999,SHWR,1.84,69.658,4211.3,11.3,0.7794539279255437,1.4341952273830005,9.807026964844956
4D6,176.0,3.606,SHWR,1.5830000000000002,69.658,4212.82,12.82,0.7794539279255437,1.2338755679061357,4.449355297869525
4D6,176.0,8.081,SHWR,1.893,69.658,4216.48,16.48,0.7794539279255437,1.4755062855630543,11.92356629363504
2D3,177.0,2.705,SHWR,1.746,69.842,4230.21,6.21,0.7785552947429027,1.3593575446211081,3.6770621582000977
2D3,177.0,4.129,SHWR,2.0,69.842,4231.27,7.27,0.7785552947429027,1.5571105894858055,6.4293096239868905
1E7,178.0,7.5139999999999985,SHWR,1.526,70.008,4259.11,11.11,0.7777382645803699,1.1868285917496444,8.917830038406827
4E9,179.0,6.1960000000000015,SHWR,2.0,70.066,4282.07,10.07,0.7774513731250278,1.5549027462500555,9.634177415765347
4E9,179.0,10.533,SHWR,2.0,70.066,4282.58,10.58,0.7774513731250278,1.5549027462500555,16.377790626251834
4E9,179.0,17.348,SHWR,2.0,70.066,4289.57,17.57,0.7774513731250278,1.5549027462500555,26.97445284194596
4D2,180.0,6.832999999999998,SHWR,1.311,70.019,4303.93,7.93,0.777683910984638,1.0195436073008604,6.966541468686777
4D2,180.0,2.833,BATH,3.406,70.019,4305.1,9.1,0.777683910984638,2.648791400813677,7.504026038505147
3D8,181.0,2.86,SHWR,2.0,70.024,4328.36,8.36,0.7776591960156528,1.5553183920313056,4.448210601209534
3D8,181.0,14.174,SHWR,1.932,70.024,4328.62,8.62,0.7776591960156528,1.5024375667022412,21.295550070437564
3D1,182.0,4.103,SHWR,1.635,70.1065,4351.9,7.9,0.7772506042077361,1.2708047378796485,5.214111839520197
3D1,182.0,4.725,SHWR,2.0,70.1065,4360.57,16.57,0.7772506042077361,1.5545012084154721,7.345018209763105
3D1,182.0,6.837999999999999,SHWR,2.0,70.1065,4361.16,17.16,0.7772506042077361,1.5545012084154721,10.629679263144997
3D1,182.0,4.973,SHWR,2.0,70.1065,4365.5,21.5,0.7772506042077361,1.5545012084154721,7.730534509450143
3D7,183.0,3.406,SHWR,2.0,70.214,4376.05,8.05,0.7767159380163444,1.5534318760326888,5.290988969767338
3D7,183.0,3.013,SHWR,2.0,70.214,4378.04,10.04,0.7767159380163444,1.5534318760326888,4.680490242486491
3D7,183.0,4.192,SHWR,1.584,70.214,4387.56,19.56,0.7767159380163444,1.2303180458178897,5.157493248068594
2H8,184.0,4.454,SHWR,2.0,70.3595,4400.87,8.87,0.7759881721754909,1.5519763443509818,6.912502637739272
2H8,184.0,6.812,SHWR,2.0,70.3595,4403.29,11.29,0.7759881721754909,1.5519763443509818,10.572062857718889
3E6,185.0,10.088,SHWR,2.0,70.53999999999999,4434.18,18.18,0.7750787224471435,1.550157444894287,15.637988304093566
3E6,185.0,7.86,SHWR,1.711,70.53999999999999,4435.44,19.44,0.7750787224471435,1.3261596941070626,10.423615195681512
2D0,187.0,3.979,SHWR,2.0,70.7655,4485.08,21.08,0.7739321118131774,1.547864223626355,6.158951745809266
2D0,188.0,3.979,SHWR,2.0,70.7995,4509.08,21.08,0.7737582154048032,1.5475164308096063,6.157567878191424
2D1,189.0,5.5760000000000005,SHWR,2.0,70.844,4520.14,8.14,0.7735302110698433,1.5470604221396866,8.626408913850893
2D1,189.0,10.378,SHWR,1.916,70.844,4520.4,8.4,0.7735302110698433,1.4820838844098196,15.381066552405109
2D9,190.0,12.237,SHWR,2.0,70.99000000000001,4544.79,8.79,0.7727789138832083,1.5455578277664166,18.91299113837764
2D9,190.0,6.66,SHWR,2.0,70.99000000000001,4554.04,18.04,0.7727789138832083,1.5455578277664166,10.293415132924334
2D9,190.0,1.5490000000000002,BATH,6.666,70.99000000000001,4556.24,20.24,0.7727789138832083,5.151344239945467,7.979432227675529
3D6,191.0,9.294,SHWR,2.0,71.2625,4566.03,6.03,0.7713632466418977,1.5427264932837954,14.338100028579595
4E0,193.0,6.66,SHWR,1.5219999999999998,71.9645,4619.8,11.8,0.7676336977611506,1.1683384879924712,7.781134330029858
2D8,194.0,5.47,SHWR,1.443,72.2825,4638.42,6.42,0.7659039035524082,1.1051993328261251,6.045440350558905
2D8,194.0,3.854,SHWR,2.0,72.2825,4643.12,11.12,0.7659039035524082,1.5318078071048165,5.903587288581963
2D8,194.0,7.957000000000002,SHWR,1.474,72.2825,4652.58,20.58,0.7659039035524082,1.1289423538362497,8.98299430947504
2D4,195.0,4.476,SHWR,2.0,72.5655,4664.47,8.47,0.7643426928560487,1.5286853857120974,6.842395786447348
3D9,196.0,4.103,SHWR,1.3130000000000002,72.8105,4680.21,0.21,0.7629741997416418,1.0017851242607758,4.110324364841963
3D9,196.0,4.227,SHWR,1.348,72.8105,4688.8,8.8,0.7629741997416418,1.0284892212517331,4.347423938231076
3D9,196.0,3.73,SHWR,1.146,72.8105,4690.25,10.25,0.7629741997416418,0.8743684329039214,3.261394254731627
3D9,196.0,4.973,SHWR,1.329,72.8105,4694.01,14.01,0.7629741997416418,1.013992711456642,5.0425857540738805
3D9,196.0,2.114,BATH,4.634,72.8105,4694.81,14.81,0.7629741997416418,3.5356224416027686,7.474305841548253
6D2,197.0,4.833,SHWR,2.0,72.9855,4711.6,7.6,0.7619869330826262,1.5239738661652524,7.365365695176665
3D4,198.0,6.026,SHWR,2.0,73.066,4735.92,7.92,0.7615300233700577,1.5230600467401154,9.177959841655936
3D4,198.0,6.157,SHWR,2.0,73.066,4736.64,8.64,0.7615300233700577,1.5230600467401154,9.37748070777889
3E8,199.0,7.729,SHWR,1.829,73.122,4760.3,8.3,0.761211137112565,1.3922551697788814,10.760740207220975
3E8,199.0,3.93,BATH,3.616,73.122,4766.4,14.4,0.761211137112565,2.7525394717990355,10.81748012417021
3E8,199.0,5.632999999999999,SHWR,1.521,73.122,4771.85,19.85,0.761211137112565,1.1578021395482114,6.521899452075074
4E8,200.0,13.232,SHWR,2.0,73.23400000000001,4783.72,7.72,0.7605707992146722,1.5211415984293444,20.127745630417085
4E8,200.0,6.419,SHWR,2.0,73.23400000000001,4795.95,19.95,0.7605707992146722,1.5211415984293444,9.764207920317961
2D5,201.0,9.833,SHWR,1.411,73.378,4809.06,9.06,0.7597424438998607,1.0719965883427034,10.540942453173802
2D5,201.0,6.5,SHWR,2.0,73.378,4810.68,10.68,0.7597424438998607,1.5194848877997214,9.876651770698189
2D6,202.0,6.837999999999999,SHWR,2.0,73.5565,4831.31,7.31,0.7587076381097156,1.5174152762194313,10.37608565878847
3D2,205.0,9.04,SHWR,1.707,74.2655,4904.15,8.15,0.7545078496115086,1.2879448992868452,11.64302188955308
4E5,206.0,6.589,SHWR,1.874,74.52199999999999,4928.85,8.85,0.7529522209595336,1.411032462078166,9.297292892633036
4E5,206.0,7.0870000000000015,SHWR,1.914,74.52199999999999,4937.72,17.72,0.7529522209595336,1.4411505509165472,10.213433954345572
4E5,206.0,3.73,SHWR,2.0,74.52199999999999,4937.73,17.73,0.7529522209595336,1.5059044419190672,5.617023568358121
4E5,206.0,3.4810000000000003,BATH,3.056,74.52199999999999,4938.89,18.89,0.7529522209595336,2.301021987252335,8.009857537625379
3E1,207.0,10.378,SHWR,2.0,74.74,4951.61,7.61,0.7516145057128664,1.5032290114257327,15.600510680576255
3E1,207.0,11.462,SHWR,2.0,74.74,4954.49,10.49,0.7516145057128664,1.5032290114257327,17.230010928961747
2D3,208.0,2.705,SHWR,1.746,74.895,4974.21,6.21,0.7506545318538835,1.3106428126168805,3.545288808128662
2D3,208.0,4.129,SHWR,2.0,74.895,4975.27,7.27,0.7506545318538835,1.501309063707767,6.19890512404937
2D7,209.0,5.502000000000002,SHWR,1.233,75.0015,5000.91,8.91,0.7499906246484244,0.9247384401915073,5.087910897933675
2D7,209.0,8.123,SHWR,1.237,75.0015,5006.3,14.3,0.7499906246484244,0.927738402690101,7.53601904505169
2D7,209.0,3.668,SHWR,1.881,75.0015,5008.93,16.93,0.7499906246484244,1.4107323649636863,5.1745663146868015
2D7,209.0,3.93,BATH,1.77,75.0015,5013.63,21.63,0.7499906246484244,1.3274834056277112,5.217009784116905
4D5,210.0,5.595,SHWR,2.0,75.1185,5022.9,6.9,0.7492571743790981,1.4985143487581962,8.384187781302108
4D5,210.0,6.341,SHWR,1.38,75.1185,5023.18,7.18,0.7492571743790981,1.0339749006431553,6.556434844978249
4D5,210.0,3.108,BATH,5.023,75.1185,5032.41,16.41,0.7492571743790981,3.7635187869062094,11.6970163897045
2D9,211.0,12.237,SHWR,2.0,75.3265,5048.79,8.79,0.7479425813200248,1.4958851626400496,18.305146735226288
2D9,211.0,6.66,SHWR,2.0,75.3265,5058.04,18.04,0.7479425813200248,1.4958851626400496,9.96259518318273
2D9,211.0,1.5490000000000002,BATH,6.666,75.3265,5060.24,20.24,0.7479425813200248,4.985785247079286,7.722981347725814
2D0,212.0,3.979,SHWR,2.0,75.51,5085.08,21.08,0.746771334515067,1.493542669030134,5.942806280070903
3E2,213.0,2.358,SHWR,1.75,75.6695,5095.62,7.62,0.7457443968421454,1.3050526944737546,3.0773142535691136
3E2,213.0,2.358,BATH,5.477,75.6695,5105.64,17.64,0.7457443968421454,4.084442061504431,9.631114381027448
4E9,214.0,6.1960000000000015,SHWR,2.0,75.7485,5122.07,10.07,0.7452326662675312,1.4904653325350623,9.234923200387248
4E9,214.0,10.533,SHWR,2.0,75.7485,5122.58,10.58,0.7452326662675312,1.4904653325350623,15.699071347591811
4E9,214.0,17.348,SHWR,2.0,75.7485,5129.57,17.57,0.7452326662675312,1.4904653325350623,25.85659258881826
3D1,215.0,4.103,SHWR,1.635,75.87650000000001,5143.9,7.9,0.7443991462931485,1.2170926041892978,4.993730954988688
3D1,215.0,4.725,SHWR,2.0,75.87650000000001,5152.57,16.57,0.7443991462931485,1.488798292586297,7.034571932470253
3D1,215.0,6.837999999999999,SHWR,2.0,75.87650000000001,5153.16,17.16,0.7443991462931485,1.488798292586297,10.180402724705099
3D1,215.0,4.973,SHWR,2.0,75.87650000000001,5157.5,21.5,0.7443991462931485,1.488798292586297,7.403793909031655
1D9,218.0,8.908999999999997,SHWR,2.0,76.1915,5230.09,22.09,0.7423244907687748,1.4846489815375497,13.226737776518025
3D8,219.0,2.86,SHWR,2.0,76.34100000000001,5240.36,8.36,0.7413280219353837,1.4826560438707674,4.2403962854703945
3D8,219.0,14.174,SHWR,1.932,76.34100000000001,5240.62,8.62,0.7413280219353837,1.4322457383791614,20.300651095786233
2E6,220.0,21.356,SHWR,1.3630000000000002,76.491,5262.78,6.78,0.7403204445713989,1.009056765950817,21.54941629364565
2E6,220.0,7.546,SHWR,1.332,76.491,5274.46,18.46,0.7403204445713989,0.9861068321691033,7.441162155548054
5E8,221.0,2.7510000000000003,SHWR,2.0,76.627,5288.23,8.23,0.7394000990279624,1.4788001980559249,4.06817934485185
5E8,221.0,4.978,SHWR,2.0,76.627,5291.35,11.35,0.7394000990279624,1.4788001980559249,7.361467385922394
5E8,221.0,3.668,SHWR,2.0,76.627,5292.05,12.05,0.7394000990279624,1.4788001980559249,5.424239126469133
5E8,221.0,2.096,SHWR,2.0,76.627,5292.91,12.91,0.7394000990279624,1.4788001980559249,3.0995652151252187
5E8,221.0,5.24,SHWR,2.0,76.627,5295.99,15.99,0.7394000990279624,1.4788001980559249,7.748913037813047
5E8,221.0,2.882,SHWR,2.0,76.627,5296.16,16.16,0.7394000990279624,1.4788001980559249,4.261902170797176
5E8,221.0,5.371,SHWR,2.0,76.627,5296.43,16.43,0.7394000990279624,1.4788001980559249,7.942635863758373
5E8,221.0,2.358,BATH,5.847,76.627,5296.86,16.86,0.7394000990279624,4.323272379016497,10.1942762697209
5E8,221.0,3.537,SHWR,2.0,76.627,5299.11,19.11,0.7394000990279624,1.4788001980559249,5.2305163005238064
1D7,222.0,6.2639999999999985,SHWR,2.0,76.6965,5313.05,9.05,0.7389272520787917,1.4778545041575835,9.2572806140431
4D1,223.0,15.833,SHWR,2.0,76.7345,5334.41,6.41,0.7386679907488469,1.4773359814976939,23.39066059505299
4D1,223.0,13.5,SHWR,2.0,76.7345,5334.81,6.81,0.7386679907488469,1.4773359814976939,19.944035750218866
4D1,223.0,3.0,BATH,3.513,76.7345,5337.52,9.52,0.7386679907488469,2.594940651500699,7.784821954502097
3D0,224.0,5.222,SHWR,2.0,76.79050000000001,5371.51,19.51,0.7382849814836624,1.4765699629673248,7.710648346615371
2D3,225.0,2.705,SHWR,1.746,76.8395,5382.21,6.21,0.7379489262457253,1.2884588252250364,3.4852811222337237
2D3,225.0,4.129,SHWR,2.0,76.8395,5383.27,7.27,0.7379489262457253,1.4758978524914506,6.093982232937199
2D8,226.0,5.47,SHWR,1.443,76.875,5406.42,6.42,0.7377049180327869,1.0645081967213115,5.8228598360655734
2D8,226.0,3.854,SHWR,2.0,76.875,5411.12,11.12,0.7377049180327869,1.4754098360655739,5.686229508196722
2D8,226.0,7.957000000000002,SHWR,1.474,76.875,5420.58,20.58,0.7377049180327869,1.0873770491803278,8.65225918032787
1E5,228.0,7.119,SHWR,2.0,77.012,5466.01,18.01,0.7367589765189007,1.4735179530378013,10.489974307676107
3D7,229.0,3.406,SHWR,2.0,77.202,5480.05,8.05,0.7354357373406001,1.4708714746812002,5.009788242764168
3D7,229.0,3.013,SHWR,2.0,77.202,5482.04,10.04,0.7354357373406001,1.4708714746812002,4.431735753214456
3D7,229.0,4.192,SHWR,1.584,77.202,5491.56,19.56,0.7354357373406001,1.1649302079475106,4.883387431715964
1D8,231.0,12.5,SHWR,1.787,77.5325,5527.75,7.75,0.7331020217521852,1.310053312871155,16.375666410889437
2D4,232.0,4.476,SHWR,2.0,77.6285,5552.47,8.47,0.7324164135771911,1.4648328271543822,6.556591734343015
2D6,233.0,6.837999999999999,SHWR,2.0,77.6575,5575.31,7.31,0.7322086094932048,1.4644172189864095,10.013684943429068
4E3,234.0,9.171,SHWR,2.0,77.6555,5600.98,8.98,0.7322229511708551,1.4644459023417102,13.430433370375823
4E3,234.0,6.2879999999999985,SHWR,2.0,77.6555,5610.88,18.88,0.7322229511708551,1.4644459023417102,9.208435833924671
2E8,235.0,9.171,SHWR,2.0,77.608,5625.94,9.94,0.7325631151048352,1.4651262302096704,13.436672657252887
2E8,235.0,4.585,SHWR,2.0,77.608,5634.28,18.28,0.7325631151048352,1.4651262302096704,6.717603765511338
2E8,235.0,6.157,SHWR,2.0,77.608,5637.28,21.28,0.7325631151048352,1.4651262302096704,9.02078219940094
4D8,236.0,12.053,SHWR,1.585,77.53649999999999,5648.25,8.25,0.733073524897567,1.1619215369626437,14.004640285010746
4D8,236.0,11.005,SHWR,1.614,77.53649999999999,5660.8,20.8,0.733073524897567,1.1831806691846734,13.020903264377331
4D8,236.0,8.516,SHWR,1.575,77.53649999999999,5661.73,21.73,0.733073524897567,1.1545908017136681,9.832495267393599
4D8,236.0,2.62,BATH,3.903,77.53649999999999,5661.92,21.92,0.733073524897567,2.8611859676752043,7.496307235309035
2D1,237.0,5.5760000000000005,SHWR,2.0,77.423,5672.14,8.14,0.7338797668786757,1.4677595337573515,8.184227160230993
2D1,237.0,10.378,SHWR,1.916,77.423,5672.4,8.4,0.7338797668786757,1.4061136333395428,14.592647286797774
2D7,238.0,5.502000000000002,SHWR,1.233,77.376,5696.91,8.91,0.7342122049755475,0.9052836487348501,4.980870635339147
2D7,238.0,8.123,SHWR,1.237,77.376,5702.3,14.3,0.7342122049755475,0.9082204975547523,7.377475101637253
2D7,238.0,3.668,SHWR,1.881,77.376,5704.93,16.93,0.7342122049755475,1.3810531575590048,5.06570298192643
2D7,238.0,3.93,BATH,1.77,77.376,5709.63,21.63,0.7342122049755475,1.299555602806719,5.107253519030406
6D1,239.0,7.832999999999998,SHWR,2.0,77.427,5718.29,6.29,0.7338514358715035,1.467702871743007,11.496516594362971
6D1,239.0,7.584,SHWR,1.935,77.427,5721.95,9.95,0.7338514358715035,1.4200025284113593,10.76929917547175
6D1,239.0,5.7189999999999985,SHWR,1.887,77.427,5722.14,10.14,0.7338514358715035,1.3847776594895271,7.9195434346206035
6D1,239.0,5.222,SHWR,2.0,77.427,5725.38,13.38,0.7338514358715035,1.467702871743007,7.664344396241983
6D1,239.0,13.055,SHWR,2.0,77.427,5730.0,18.0,0.7338514358715035,1.467702871743007,19.160860990604956
6D1,239.0,3.73,SHWR,1.662,77.427,5732.3,20.3,0.7338514358715035,1.2196610864184387,4.549335852340777
2D5,240.0,9.833,SHWR,1.411,77.4855,5745.06,9.06,0.7334364045902251,1.0348787668768076,10.17596291469965
2D5,240.0,6.5,SHWR,2.0,77.4855,5746.68,10.68,0.7334364045902251,1.4668728091804502,9.534673259672926
3E7,242.0,8.385,SHWR,2.0,77.5015,5793.82,9.82,0.733322666239983,1.466645332479966,12.297821112844515
3E7,242.0,3.406,SHWR,2.0,77.5015,5794.25,10.25,0.733322666239983,1.466645332479966,4.995394002426765
2D5,243.0,9.833,SHWR,1.411,77.39200000000001,5817.06,9.06,0.7340991278451393,1.0358138693894916,10.185157777706872
2D5,243.0,6.5,SHWR,2.0,77.39200000000001,5818.68,10.68,0.7340991278451393,1.4681982556902786,9.54328866198681
3D6,245.0,9.294,SHWR,2.0,77.3355,5862.03,6.03,0.7344980020974659,1.4689960041949317,13.652848862987696
2D8,246.0,5.47,SHWR,1.443,77.374,5886.42,6.42,0.7342263328549408,1.0594885983096796,5.795402632753947
2D8,246.0,3.854,SHWR,2.0,77.374,5891.12,11.12,0.7342263328549408,1.4684526657098815,5.659416573645884
2D8,246.0,7.957000000000002,SHWR,1.474,77.374,5900.58,20.58,0.7342263328549408,1.0822496146281826,8.611460183596451
2D0,247.0,3.979,SHWR,2.0,77.42299999999999,5925.08,21.08,0.7338797668786758,1.4677595337573517,5.840215184820503
2E2,248.0,6.122000000000001,SHWR,1.355,77.46499999999999,5936.71,8.71,0.7335819901425337,0.9940035966431331,6.085290018649261
2E4,249.0,4.476,SHWR,1.975,77.4165,5961.68,9.68,0.7339257919033618,1.4495034390091397,6.487977393004909
2E4,249.0,2.86,SHWR,2.0,77.4165,5963.81,11.81,0.7339257919033618,1.4678515838067236,4.198055529687229
2D7,251.0,5.502000000000002,SHWR,1.233,77.06450000000001,6008.91,8.91,0.7363946699002253,0.9079746279869778,4.995676403184353
2D7,251.0,8.123,SHWR,1.237,77.06450000000001,6014.3,14.3,0.7363946699002253,0.9109202066665788,7.399404838752619
2D7,251.0,3.668,SHWR,1.881,77.06450000000001,6016.93,16.93,0.7363946699002253,1.3851583740823237,5.080760916133963
2D7,251.0,3.93,BATH,1.77,77.06450000000001,6021.63,21.63,0.7363946699002253,1.3034185657233988,5.1224349632929576
4D9,252.0,11.005,SHWR,1.464,76.834,6033.86,9.86,0.737986689723838,1.0804125137556988,11.889939713881466
4D9,252.0,13.101,SHWR,2.0,76.834,6042.84,18.84,0.737986689723838,1.475973379447676,19.336727244144004
4D9,252.0,4.847,SHWR,2.0,76.834,6043.41,19.41,0.737986689723838,1.475973379447676,7.154042970182886
4D9,252.0,3.668,SHWR,2.0,76.834,6044.6,20.6,0.737986689723838,1.475973379447676,5.413870355814075
4D9,252.0,2.62,SHWR,2.0,76.834,6044.79,20.79,0.737986689723838,1.475973379447676,3.867050254152911
4D4,253.0,9.04,SHWR,2.0,76.6495,6055.6,7.6,0.7392472066857017,1.4784944133714033,13.365589496877485
4D4,253.0,5.632999999999999,SHWR,2.0,76.6495,6067.46,19.46,0.7392472066857017,1.4784944133714033,8.328359030521113
2E7,255.0,8.827,SHWR,1.293,76.428,6103.6,7.6,0.7407445815617547,0.9577827439593488,8.454348280929173
2E7,255.0,8.542,SHWR,1.229,76.428,6113.01,17.01,0.7407445815617547,0.9103750907393966,7.776424025095926
2E9,256.0,8.984,SHWR,1.561,76.31400000000001,6136.29,16.29,0.7415085560667941,1.1574948560202656,10.398933786486065
2E9,256.0,7.59,SHWR,2.0,76.31400000000001,6137.61,17.61,0.7415085560667941,1.4830171121335882,11.256099881093935
2E9,256.0,2.943,BATH,3.322,76.31400000000001,6141.12,21.12,0.7415085560667941,2.46329142325389,7.249466658636199
5D5,257.0,4.973,SHWR,2.0,76.2285,6151.43,7.43,0.7420785886540371,1.4841571773080742,7.380713642753053
5D5,257.0,4.849,SHWR,2.0,76.2285,6162.6,18.6,0.7420785886540371,1.4841571773080742,7.196678152766852
5D5,257.0,1.492,SHWR,1.42,76.2285,6162.91,18.91,0.7420785886540371,1.0537515958887327,1.572197381065989
5D5,257.0,4.476,SHWR,2.0,76.2285,6162.96,18.96,0.7420785886540371,1.4841571773080742,6.64308752563094
5D5,257.0,3.979,BATH,3.094,76.2285,6166.14,22.14,0.7420785886540371,2.295991153295591,9.135748798963157
2D9,258.0,12.237,SHWR,2.0,76.1705,6176.79,8.79,0.7424638483627138,1.4849276967254277,18.17106022482906
2D9,258.0,6.66,SHWR,2.0,76.1705,6186.04,18.04,0.7424638483627138,1.4849276967254277,9.889618460191349
2D9,258.0,1.5490000000000002,BATH,6.666,76.1705,6188.24,20.24,0.7424638483627138,4.949264013185851,7.666409956424884
4D7,259.0,3.275,SHWR,2.0,76.071,6198.5,6.5,0.7431220940686891,1.4862441881373782,4.867449716149913
4D7,259.0,7.205,SHWR,1.81,76.071,6212.63,20.63,0.7431220940686891,1.3450509902643273,9.691092384854478
4D7,259.0,7.336,SHWR,1.632,76.071,6212.63,20.63,0.7431220940686891,1.2127752575201005,8.896919289167458
1D6,260.0,11.772,SHWR,1.492,75.8635,6225.39,9.39,0.7444840494167848,1.1107702017298429,13.075986814763711
2D4,261.0,4.476,SHWR,2.0,75.652,6248.47,8.47,0.7458574768730304,1.4917149537460608,6.676916132967368
4E6,262.0,9.564,SHWR,2.0,75.476,6275.68,11.68,0.7469891711365246,1.4939783422730493,14.288408865499443
4E6,262.0,6.812,SHWR,2.0,75.476,6280.16,16.16,0.7469891711365246,1.4939783422730493,10.176980467564013
5D8,264.0,7.59,SHWR,1.842,75.184,6318.99,6.99,0.7488446855535463,1.3793719107896325,10.46943280289331
5D8,264.0,12.237,SHWR,1.984,75.184,6319.37,7.37,0.7488446855535463,1.485707856138236,18.180607035563593
5D8,264.0,11.307,SHWR,1.765,75.184,6333.59,21.59,0.7488446855535463,1.3217108700020093,14.944584807112719
3D3,266.0,6.122000000000001,SHWR,1.25,75.218,6365.72,5.72,0.7486300336835755,0.9357875421044693,5.728891332763562
3D3,266.0,2.42,BATH,4.839,75.218,6367.33,7.33,0.7486300336835755,3.622620732994822,8.766742173847469
5D1,267.0,3.833,SHWR,2.0,75.20049999999999,6390.94,6.94,0.7487405620673627,1.4974811241347254,5.739845148808403
5D1,267.0,23.667,SHWR,1.851,75.20049999999999,6391.0,7.0,0.7487405620673627,1.3859187803866884,32.80053977541176
5D1,267.0,13.667,SHWR,1.643,75.20049999999999,6399.53,15.53,0.7487405620673627,1.230180743476677,16.812880221095742
5D1,267.0,12.5,SHWR,1.405,75.20049999999999,6399.54,15.54,0.7487405620673627,1.0519804897046448,13.149756121308059
2D6,268.0,6.837999999999999,SHWR,2.0,75.186,6415.31,7.31,0.7488320691214145,1.497664138242829,10.241027377304464
2E4,269.0,4.476,SHWR,1.975,75.1475,6441.68,9.68,0.749074713004203,1.4794225581833012,6.621895370428456
2E4,269.0,2.86,SHWR,2.0,75.1475,6443.81,11.81,0.749074713004203,1.498149426008406,4.284707358384041
2E9,270.0,8.984,SHWR,1.561,74.973,6472.29,16.29,0.7501686361705848,1.1710132410622829,10.52038295770355
2E9,270.0,7.59,SHWR,2.0,74.973,6473.61,17.61,0.7501686361705848,1.5003372723411696,11.387559897069478
2E9,270.0,2.943,BATH,3.322,74.973,6477.12,21.12,0.7501686361705848,2.4920602093586828,7.334133196142604
3D5,271.0,7.119,SHWR,1.476,74.75999999999999,6485.87,5.87,0.7514910536779325,1.1092007952286282,7.896400461232604
3D5,271.0,1.4240000000000002,BATH,4.992,74.75999999999999,6487.08,7.08,0.7514910536779325,3.7514433399602387,5.34205531610338
3D5,271.0,4.841,SHWR,1.283,74.75999999999999,6487.11,7.11,0.7514910536779325,0.9641630218687873,4.6675131888668
3D5,271.0,5.41,SHWR,2.0,74.75999999999999,6498.9,18.9,0.7514910536779325,1.502982107355865,8.13113320079523
5D7,272.0,6.714,SHWR,2.0,74.449,6511.02,7.02,0.7533969569184484,1.5067939138368969,10.116614337500927
5D7,272.0,10.817,SHWR,2.0,74.449,6512.37,8.37,0.7533969569184484,1.5067939138368969,16.298989765973715
5D7,272.0,8.579,SHWR,2.0,74.449,6515.14,11.14,0.7533969569184484,1.5067939138368969,12.926784986806739
5D7,272.0,7.0870000000000015,SHWR,2.0,74.449,6525.96,21.96,0.7533969569184484,1.5067939138368969,10.678648467362091
1D9,273.0,8.908999999999997,SHWR,2.0,74.18,6550.09,22.09,0.7550220480156785,1.510044096031357,13.452982851543355
3D8,274.0,2.86,SHWR,2.0,73.981,6560.36,8.36,0.756210536580609,1.512421073161218,4.325524269241083
3D8,274.0,14.174,SHWR,1.932,73.981,6560.62,8.62,0.756210536580609,1.4609987566737366,20.708196377093543
6D7,275.0,3.667,SHWR,2.0,73.9295,6582.21,6.21,0.7565162342800793,1.5130324685601586,5.548290062210102
6D7,275.0,5.0,SHWR,1.446,73.9295,6585.89,9.89,0.7565162342800793,1.0939224747689946,5.469612373844973
6D7,275.0,8.667,SHWR,2.0,73.9295,6595.57,19.57,0.7565162342800793,1.5130324685601586,13.113452405010895
3E3,277.0,9.946,SHWR,1.683,73.36850000000001,6634.1,10.1,0.7597972688949473,1.2787388035501963,12.718336140110253
2D3,278.0,2.705,SHWR,1.746,73.0025,6654.21,6.21,0.7618905887255194,1.3302609679147568,3.598355918209417
2D3,278.0,4.129,SHWR,2.0,73.0025,6655.27,7.27,0.7618905887255194,1.5237811774510388,6.291692481695338
3D9,279.0,4.103,SHWR,1.3130000000000002,72.661,6672.21,0.21,0.7638111433902548,1.0028840312714047,4.114833180306573
3D9,279.0,4.227,SHWR,1.348,72.661,6680.8,8.8,0.7638111433902548,1.0296174212900635,4.352192839793099
3D9,279.0,3.73,SHWR,1.146,72.661,6682.25,10.25,0.7638111433902548,0.8753275703252319,3.264971837313115
3D9,279.0,4.973,SHWR,1.329,72.661,6686.01,14.01,0.7638111433902548,1.0151050095656486,5.048117212569971
3D9,279.0,2.114,BATH,4.634,72.661,6686.81,14.81,0.7638111433902548,3.539500838470441,7.482504772526512
1D4,280.0,3.0980000000000003,SHWR,1.644,72.42099999999999,6702.94,6.94,0.7651424411094672,1.257894173183964,3.8969561485239206
4D5,281.0,5.595,SHWR,2.0,72.2475,6726.9,6.9,0.7660955499678381,1.5321910999356763,8.572609204140107
4D5,281.0,6.341,SHWR,1.38,72.2475,6727.18,7.18,0.7660955499678381,1.0572118589556165,6.703780397637565
4D5,281.0,3.108,BATH,5.023,72.2475,6736.41,16.41,0.7660955499678381,3.8480979474884505,11.959888420794105
2D1,282.0,5.5760000000000005,SHWR,2.0,72.127,6752.14,8.14,0.7667529680684814,1.5335059361369627,8.550829099899705
2D1,282.0,10.378,SHWR,1.916,72.127,6752.4,8.4,0.7667529680684814,1.4690986868192102,15.246306171809763
3E0,283.0,6.506,SHWR,1.393,71.975,6786.22,18.22,0.7675769901220221,1.0692347472399768,6.9564412655432895
2E7,284.0,8.827,SHWR,1.293,71.764,6799.6,7.6,0.7687112591359053,0.9939436580627256,8.773540669719678
2E7,284.0,8.542,SHWR,1.229,71.764,6809.01,17.01,0.7687112591359053,0.9447461374780277,8.070021506337312
1D1,286.0,16.109,SHWR,1.891,71.324,6854.44,14.44,0.7710413041487316,1.4580391061452516,23.48755196089386
3D1,288.0,4.103,SHWR,1.635,70.8395,6895.9,7.9,0.7735532885723667,1.2647596268158197,5.189308748825308
3D1,288.0,4.725,SHWR,2.0,70.8395,6904.57,16.57,0.7735532885723667,1.5471065771447334,7.3100785770088645
3D1,288.0,6.837999999999999,SHWR,2.0,70.8395,6905.16,17.16,0.7735532885723667,1.5471065771447334,10.579114774515686
3D1,288.0,4.973,SHWR,2.0,70.8395,6909.5,21.5,0.7735532885723667,1.5471065771447334,7.6937610081407595
1E8,290.0,8.908999999999997,SHWR,2.0,70.1905,6949.22,13.22,0.7768330376371082,1.5536660752742164,13.84161106461799
2E6,291.0,21.356,SHWR,1.3630000000000002,69.9345,6966.78,6.78,0.7781007644428665,1.0605513419356272,22.649134458377254
2E6,291.0,7.546,SHWR,1.332,69.9345,6978.46,18.46,0.7781007644428665,1.0364302182378982,7.82090242682318
2D1,292.0,5.5760000000000005,SHWR,2.0,69.6365,6992.14,8.14,0.7795584555865398,1.5591169111730796,8.693635896701092
2D1,292.0,10.378,SHWR,1.916,69.6365,6992.4,8.4,0.7795584555865398,1.4936340009038103,15.500933661379744
2D4,293.0,4.476,SHWR,2.0,69.374,7016.47,8.47,0.7808267216061018,1.5616534432122036,6.989960811817823
5D3,294.0,6.832999999999998,SHWR,1.218,69.1045,7038.77,6.77,0.7821137148522186,0.9526145046900022,6.509214910546784
3D7,295.0,3.406,SHWR,2.0,68.85249999999999,7064.05,8.05,0.7833035375697492,1.5666070751394985,5.335863697925132
3D7,295.0,3.013,SHWR,2.0,68.85249999999999,7066.04,10.04,0.7833035375697492,1.5666070751394985,4.720187117395309
3D7,295.0,4.192,SHWR,1.584,68.85249999999999,7075.56,19.56,0.7833035375697492,1.240752803510483,5.201235752315944
3D6,296.0,9.294,SHWR,2.0,68.5725,7086.03,6.03,0.7846104140864789,1.5692208281729578,14.58433837703947
2E2,297.0,6.122000000000001,SHWR,1.355,68.2855,7112.71,8.71,0.785933703668026,1.0649401684701751,6.519563711374413
2E1,298.0,15.518,SHWR,2.0,68.0025,7137.46,9.46,0.7872227246130113,1.5744454492260227,24.43224448108942
2E1,298.0,8.115,SHWR,2.0,68.0025,7140.2,12.2,0.7872227246130113,1.5744454492260227,12.776624820469175
3D4,300.0,6.026,SHWR,2.0,67.293,7183.92,7.92,0.7903871549248538,1.5807743098497076,9.525745991154338
3D4,300.0,6.157,SHWR,2.0,67.293,7184.64,8.64,0.7903871549248538,1.5807743098497076,9.732827425744649
5D6,301.0,5.371,SHWR,2.0,66.968,7205.91,5.91,0.7918054630246503,1.5836109260493005,8.505574283810795
5D6,301.0,10.612,SHWR,2.0,66.968,7210.91,10.91,0.7918054630246503,1.5836109260493005,16.80527914723518
5D6,301.0,3.537,SHWR,2.0,66.968,7216.68,16.68,0.7918054630246503,1.5836109260493005,5.601231845436376
5D4,302.0,7.335,SHWR,2.0,66.689,7235.63,11.63,0.7930078036058041,1.5860156072116083,11.633424478897147
5D4,302.0,5.968,SHWR,1.259,66.689,7243.03,19.03,0.7930078036058041,0.9983968247397074,5.958432250046574
3D2,303.0,9.04,SHWR,1.707,66.553,7256.15,8.15,0.7935888703118872,1.3546562016223915,12.246092062666419
2E8,305.0,9.171,SHWR,2.0,66.2225,7305.94,9.94,0.7949874429808826,1.5899748859617653,14.581659679155349
2E8,305.0,4.585,SHWR,2.0,66.2225,7314.28,18.28,0.7949874429808826,1.5899748859617653,7.290034852134694
2E8,305.0,6.157,SHWR,2.0,66.2225,7317.28,21.28,0.7949874429808826,1.5899748859617653,9.789475372866589
5D9,306.0,2.014,BATH,5.557,65.8035,7326.25,6.25,0.796733507464962,4.427448100982794,8.916880475379346
5D9,306.0,4.337,SHWR,2.0,65.8035,7332.59,12.59,0.796733507464962,1.593467014929924,6.91086644375108
5D9,306.0,28.346,SHWR,2.0,65.8035,7343.09,23.09,0.796733507464962,1.593467014929924,45.168416005203625
4D7,307.0,3.275,SHWR,2.0,65.434,7350.5,6.5,0.7982487995803575,1.596497599160715,5.2285296372513415
4D7,307.0,7.336,SHWR,1.632,65.434,7364.63,20.63,0.7982487995803575,1.3027420409151433,9.556915612153492
4D7,307.0,7.205,SHWR,1.81,65.434,7364.63,20.63,0.7982487995803575,1.4448303272404472,10.410002507767423
4D6,308.0,7.211,SHWR,1.88,65.1935,7375.29,7.29,0.7992229929828436,1.502539226807746,10.834810364510657
4D6,308.0,6.837999999999999,SHWR,1.84,65.1935,7379.3,11.3,0.7992229929828436,1.4705703070884324,10.0557597598707
4D6,308.0,3.606,SHWR,1.5830000000000002,65.1935,7380.82,12.82,0.7992229929828436,1.2651699978918416,4.562203012397981
4D6,308.0,8.081,SHWR,1.893,65.1935,7384.48,16.48,0.7992229929828436,1.512929125716523,12.22598026491522
3D0,309.0,5.222,SHWR,2.0,64.9605,7411.51,19.51,0.80015787527853,1.60031575055706,8.356848849408967
2D3,310.0,2.705,SHWR,1.746,64.727,7422.21,6.21,0.8010860700574861,1.3986962783203707,3.783473432856603
2D3,310.0,4.129,SHWR,2.0,64.727,7423.27,7.27,0.8010860700574861,1.6021721401149722,6.615368766534719
2E8,312.0,9.171,SHWR,2.0,64.18050000000001,7473.94,9.94,0.8032251399561192,1.6064502799122384,14.732755517075137
2E8,312.0,4.585,SHWR,2.0,64.18050000000001,7482.28,18.28,0.8032251399561192,1.6064502799122384,7.365574533397613
2E8,312.0,6.157,SHWR,2.0,64.18050000000001,7485.28,21.28,0.8032251399561192,1.6064502799122384,9.890914373419653
4D3,313.0,3.406,SHWR,1.405,63.90950000000001,7500.56,12.56,0.8042688953915111,1.1299977980250733,3.8487725000734
4D3,313.0,1.965,SHWR,1.888,63.90950000000001,7508.61,20.61,0.8042688953915111,1.518459674499173,2.983773260390875
2D7,314.0,5.502000000000002,SHWR,1.233,63.6905,7520.91,8.91,0.8051043179138366,0.9926936239877606,5.461800319180661
2D7,314.0,8.123,SHWR,1.237,63.6905,7526.3,14.3,0.8051043179138366,0.995914041259416,8.089809757150235
2D7,314.0,3.668,SHWR,1.881,63.6905,7528.93,16.93,0.8051043179138366,1.5144012219959266,5.554823682281059
2D7,314.0,3.93,BATH,1.77,63.6905,7533.63,21.63,0.8051043179138366,1.425034642707491,5.60038614584044
2H7,315.0,10.963,SHWR,2.0,63.4755,7549.93,13.93,0.8059175731933352,1.6118351463866705,17.670548709837067
2D6,316.0,6.837999999999999,SHWR,2.0,63.239,7567.31,7.31,0.8068043507660208,1.6136087015320415,11.0338563010761
2D0,317.0,3.979,SHWR,2.0,62.926,7605.08,21.08,0.8079655874332681,1.6159311748665361,6.429790144793947
3E9,318.0,4.454,SHWR,2.0,62.6515,7617.5,9.5,0.8089725589080872,1.6179451178161743,7.20632755475324
3E9,318.0,14.935,SHWR,2.0,62.6515,7618.11,10.11,0.8089725589080872,1.6179451178161743,24.164010334584564
3E9,318.0,4.061,SHWR,1.663,62.6515,7619.58,11.58,0.8089725589080872,1.345321365464149,5.463350065149909
4D9,320.0,11.005,SHWR,1.464,62.176,7665.86,9.86,0.8106921096471301,1.1868532485233985,13.06132
4D9,320.0,13.101,SHWR,2.0,62.176,7674.84,18.84,0.8106921096471301,1.6213842192942602,21.241754656974106
4D9,320.0,4.847,SHWR,2.0,62.176,7675.41,19.41,0.8106921096471301,1.6213842192942602,7.85884931091928
4D9,320.0,3.668,SHWR,2.0,62.176,7676.6,20.6,0.8106921096471301,1.6213842192942602,5.947237316371347
4D9,320.0,2.62,SHWR,2.0,62.176,7676.79,20.79,0.8106921096471301,1.6213842192942602,4.248026654550962
2D9,321.0,12.237,SHWR,2.0,61.968,7688.79,8.79,0.8114346055211947,1.6228692110423895,19.85905053552572
2D9,321.0,6.66,SHWR,2.0,61.968,7698.04,18.04,0.8114346055211947,1.6228692110423895,10.808308945542313
2D9,321.0,1.5490000000000002,BATH,6.666,61.968,7700.24,20.24,0.8114346055211947,5.4090230804042845,8.378576751546237
4D1,322.0,15.833,SHWR,2.0,61.7635,7710.41,6.41,0.8121589510955829,1.6243179021911658,25.71782534539273
4D1,322.0,13.5,SHWR,2.0,61.7635,7710.81,6.81,0.8121589510955829,1.6243179021911658,21.928291679580738
4D1,322.0,3.0,BATH,3.513,61.7635,7713.52,9.52,0.8121589510955829,2.8531143951987827,8.559343185596347
3D5,323.0,7.119,SHWR,1.476,61.6255,7733.87,5.87,0.8126446149378448,1.199463451648259,8.538980312283956
3D5,323.0,1.4240000000000002,BATH,4.992,61.6255,7735.08,7.08,0.8126446149378448,4.056721917769721,5.776772010904083
3D5,323.0,4.841,SHWR,1.283,61.6255,7735.11,7.11,0.8126446149378448,1.0426230409652548,5.047338141312799
3D5,323.0,5.41,SHWR,2.0,61.6255,7746.9,18.9,0.8126446149378448,1.6252892298756896,8.79281473362748
2E9,325.0,8.984,SHWR,1.561,61.153999999999996,7792.29,16.29,0.8142851836719533,1.271099171711919,11.419554958659882
2E9,325.0,7.59,SHWR,2.0,61.153999999999996,7793.61,17.61,0.8142851836719533,1.6285703673439067,12.360849088140252
2E9,325.0,2.943,BATH,3.322,61.153999999999996,7797.12,21.12,0.8142851836719533,2.705055380158229,7.960977983805669
2E6,326.0,21.356,SHWR,1.3630000000000002,60.7505,7806.78,6.78,0.8156665038387451,1.1117534447322097,23.742606565701074
2E6,326.0,7.546,SHWR,1.332,60.7505,7818.46,18.46,0.8156665038387451,1.0864677831132086,8.198485891372272
1D7,327.0,6.2639999999999985,SHWR,2.0,60.3815,7833.05,9.05,0.8169118522112471,1.6338237044224941,10.2342716845025
1D1,328.0,16.109,SHWR,1.891,60.048,7862.44,14.44,0.8180230018925607,1.5468814965788322,24.91871402838841
2D5,329.0,9.833,SHWR,1.411,59.707499999999996,7881.06,9.06,0.8191436451598318,1.1558116833205228,11.3650962820907
2D5,329.0,6.5,SHWR,2.0,59.707499999999996,7882.68,10.68,0.8191436451598318,1.6382872903196637,10.648867387077814
3H2,330.0,5.7639999999999985,SHWR,1.527,59.486000000000004,7900.61,4.61,0.819865259213892,1.251934250819613,7.216149021724247
3H2,330.0,8.254,SHWR,1.79,59.486000000000004,7904.63,8.63,0.819865259213892,1.4675588139928666,12.11323045069712
3E5,333.0,6.026,SHWR,2.0,58.758,7977.26,9.26,0.8221969346751538,1.6443938693503075,9.909117456704953
2D8,334.0,5.47,SHWR,1.443,58.379000000000005,7998.42,6.42,0.8233870825312163,1.188147560092545,6.499167153706221
2D8,334.0,3.854,SHWR,2.0,58.379000000000005,8003.12,11.12,0.8233870825312163,1.6467741650624326,6.3466676321506155
2D8,334.0,7.957000000000002,SHWR,1.474,58.379000000000005,8012.58,20.58,0.8233870825312163,1.2136725596510127,9.65719255714311
3D3,335.0,6.122000000000001,SHWR,1.25,57.9965,8021.72,5.72,0.8245721753927391,1.030715219240924,6.310038572192937
3D3,335.0,2.42,BATH,4.839,57.9965,8023.33,7.33,0.8245721753927391,3.9901047567254646,9.656053511275625
3D7,337.0,3.406,SHWR,2.0,57.322500000000005,8072.05,8.05,0.8266221663560314,1.6532443327120627,5.6309501972172855
3D7,337.0,3.013,SHWR,2.0,57.322500000000005,8074.04,10.04,0.8266221663560314,1.6532443327120627,4.981225174461445
3D7,337.0,4.192,SHWR,1.584,57.322500000000005,8083.56,19.56,0.8266221663560314,1.3093695115079538,5.488876992241343
3D2,338.0,9.04,SHWR,1.707,57.0695,8096.15,8.15,0.8273793597500453,1.4123365670933274,12.76752256652368
2E1,339.0,15.518,SHWR,2.0,56.813,8121.46,9.46,0.8281403062539743,1.6562806125079486,25.702162544898346
2E1,339.0,8.115,SHWR,2.0,56.813,8124.2,12.2,0.8281403062539743,1.6562806125079486,13.440717170502003
4E1,340.0,6.66,SHWR,2.0,56.602000000000004,8142.14,6.14,0.8287612589472242,1.6575225178944484,11.039099969177027
4E1,340.0,3.872,SHWR,2.0,56.602000000000004,8142.26,6.26,0.8287612589472242,1.6575225178944484,6.417927189287304
4E1,340.0,7.745,SHWR,2.0,56.602000000000004,8142.96,6.96,0.8287612589472242,1.6575225178944484,12.837511901092503
4E1,340.0,5.421,BATH,4.512,56.602000000000004,8155.54,19.54,0.8287612589472242,3.7393708003698753,20.271129108805095
4E1,340.0,2.7880000000000003,SHWR,2.0,56.602000000000004,8157.25,21.25,0.8287612589472242,1.6575225178944484,4.621172779889722
4E1,340.0,3.872,SHWR,2.0,56.602000000000004,8157.38,21.38,0.8287612589472242,1.6575225178944484,6.417927189287304
4E1,340.0,6.041,SHWR,2.0,56.602000000000004,8158.21,22.21,0.8287612589472242,1.6575225178944484,10.013093530600363
4D8,341.0,12.053,SHWR,1.585,56.405,8168.25,8.25,0.8293369741445515,1.314499104019114,15.843657700742384
4D8,341.0,11.005,SHWR,1.614,56.405,8180.8,20.8,0.8293369741445515,1.3385498762693062,14.730741388343716
4D8,341.0,8.516,SHWR,1.575,56.405,8181.73,21.73,0.8293369741445515,1.3062057342776687,11.123648033108626
4D8,341.0,2.62,BATH,3.903,56.405,8181.92,21.92,0.8293369741445515,3.2369022100861846,8.480683790425804
6D3,342.0,5.421,BATH,4.255,56.207499999999996,8198.13,14.13,0.8299102776714717,3.531268231492112,19.14300508291874
3D8,343.0,2.86,SHWR,2.0,56.119,8216.36,8.36,0.830165927888453,1.660331855776906,4.748549107521951
3D8,343.0,14.174,SHWR,1.932,56.119,8216.62,8.62,0.830165927888453,1.6038805726804912,22.73340323717328
6D1,344.0,7.832999999999998,SHWR,2.0,55.9885,8238.29,6.29,0.8305415046219805,1.661083009243961,13.011263211407943
6D1,344.0,7.584,SHWR,1.935,55.9885,8241.95,9.95,0.8305415046219805,1.6070978114435324,12.188229801987749
6D1,344.0,5.7189999999999985,SHWR,1.887,55.9885,8242.14,10.14,0.8305415046219805,1.5672318192216772,8.962998774128769
6D1,344.0,5.222,SHWR,2.0,55.9885,8245.38,13.38,0.8305415046219805,1.661083009243961,8.674175474271966
6D1,344.0,13.055,SHWR,2.0,55.9885,8250.0,18.0,0.8305415046219805,1.661083009243961,21.68543868567991
6D1,344.0,3.73,SHWR,1.662,55.9885,8252.3,20.3,0.8305415046219805,1.3803599806817315,5.148742727942858
2E2,347.0,6.122000000000001,SHWR,1.355,55.4815,8312.71,8.71,0.8319850130631652,1.1273396927005888,6.901573598713005
4D2,348.0,6.832999999999998,SHWR,1.311,55.347,8335.93,7.93,0.8323638375270314,1.091228990997938,7.456367695488908
4D2,348.0,2.833,BATH,3.406,55.347,8337.1,9.1,0.8323638375270314,2.835031230617069,8.031643476338157
2D5,350.0,9.833,SHWR,1.411,54.955999999999996,8385.06,9.06,0.8334554659916061,1.1760056625141564,11.5636636795017
2D5,350.0,6.5,SHWR,2.0,54.955999999999996,8386.68,10.68,0.8334554659916061,1.6669109319832123,10.83492105789088
3D0,351.0,5.222,SHWR,2.0,54.738,8419.51,19.51,0.8340579469649199,1.6681158939298397,8.710901198101624
5E7,353.0,5.595,SHWR,2.0,54.34,8456.64,8.64,0.8351467194197164,1.6702934388394328,9.345291790306627
5E7,353.0,4.725,SHWR,2.0,54.34,8458.43,10.43,0.8351467194197164,1.6702934388394328,7.89213649851632
5E7,353.0,1.368,BATH,4.44,54.34,8468.59,20.59,0.8351467194197164,3.7080514342235413,5.072614362017805
5E7,353.0,2.611,BATH,4.417,54.34,8468.63,20.63,0.8351467194197164,3.6888430596768873,9.631569228816353
5E7,353.0,9.449,SHWR,2.0,54.34,8469.27,21.27,0.8351467194197164,1.6702934388394328,15.7826027035938
5E7,353.0,8.206,SHWR,2.0,54.34,8469.54,21.54,0.8351467194197164,1.6702934388394328,13.706427959116384
5D2,355.0,2.611,SHWR,2.0,53.966,8505.52,9.52,0.8361568961562408,1.6723137923124816,4.36641131172789
5D2,355.0,3.979,SHWR,2.0,53.966,8512.67,16.67,0.8361568961562408,1.6723137923124816,6.6541365796113645
6D9,356.0,13.0,SHWR,2.0,53.855999999999995,8526.53,6.53,0.8364516551092503,1.6729033102185007,21.74774303284051
6D9,356.0,4.167,SHWR,1.934,53.855999999999995,8532.47,12.47,0.8364516551092503,1.6176975009812902,6.740945486589036
6D9,356.0,9.667,SHWR,1.355,53.855999999999995,8534.59,14.59,0.8364516551092503,1.1333919926730343,10.956500393170222
6D9,356.0,7.167000000000002,SHWR,1.887,53.855999999999995,8543.24,23.24,0.8364516551092503,1.5783842731911555,11.312280085961014
2D8,357.0,5.47,SHWR,1.443,53.788,8550.42,6.42,0.8366333398679997,1.2072619094295236,6.603722644579494
2D8,357.0,3.854,SHWR,2.0,53.788,8555.12,11.12,0.8366333398679997,1.6732666797359994,6.4487697837025415
2D8,357.0,7.957000000000002,SHWR,1.474,53.788,8564.58,20.58,0.8366333398679997,1.2331975429654316,9.81255284937594
3D5,358.0,7.119,SHWR,1.476,53.629,8573.87,5.87,0.8370565902462075,1.2354955272034023,8.79549265816102
3D5,358.0,1.4240000000000002,BATH,4.992,53.629,8575.08,7.08,0.8370565902462075,4.178586498509068,5.950307173876913
3D5,358.0,4.841,SHWR,1.283,53.629,8575.11,7.11,0.8370565902462075,1.0739436052858842,5.198960993188965
3D5,358.0,5.41,SHWR,2.0,53.629,8586.9,18.9,0.8370565902462075,1.674113180492415,9.056952306463966
6H1,359.0,4.978,SHWR,1.612,53.448499999999996,8603.77,11.77,0.8375344223942552,1.3501054888995396,6.720825123741908
6H1,359.0,9.171,SHWR,1.982,53.448499999999996,8610.99,18.99,0.8375344223942552,1.659993225185414,15.22379786817543
2E7,360.0,8.827,SHWR,1.293,53.2965,8623.6,7.6,0.8379346390399248,1.0834494882786228,9.563608633035402
2E7,360.0,8.542,SHWR,1.229,53.2965,8633.01,17.01,0.8379346390399248,1.0298216713800676,8.796736716928537
2E4,361.0,4.476,SHWR,1.975,53.1265,8649.68,9.68,0.8383799203213007,1.6558003426345689,7.41136233363233
2E4,361.0,2.86,SHWR,2.0,53.1265,8651.81,11.81,0.8383799203213007,1.6767598406426014,4.79553314423784
2D6,363.0,6.837999999999999,SHWR,2.0,52.794000000000004,8695.31,7.31,0.8392438028485998,1.6784876056971996,11.477498247757449
4D4,364.0,9.04,SHWR,2.0,52.7115,8719.6,7.6,0.8394567215457107,1.6789134430914214,15.177377525546449
4D4,364.0,5.632999999999999,SHWR,2.0,52.7115,8731.46,19.46,0.8394567215457107,1.6789134430914214,9.457319424933976
3D9,365.0,4.103,SHWR,1.3130000000000002,52.72,8736.21,0.21,0.8394348105330764,1.1021779062299295,4.5222359492614
3D9,365.0,4.227,SHWR,1.348,52.72,8744.8,8.8,0.8394348105330764,1.131558124598587,4.783096192678228
3D9,365.0,3.73,SHWR,1.146,52.72,8746.25,10.25,0.8394348105330764,0.9619922928709055,3.5882312524084776
3D9,365.0,4.973,SHWR,1.329,52.72,8750.01,14.01,0.8394348105330764,1.1156088631984586,5.547922876685934
3D9,365.0,2.114,BATH,4.634,52.72,8750.81,14.81,0.8394348105330764,3.8899409120102764,8.223335087989724
