Day,Fixture,Start time (hr),Duration (min),Flow Rate (gpm)
1D1,DWSH,1.30,1.667,1.145
1D1,DWSH,1.87,1.500,1.014
1D1,DWSH,2.10,1.333,1.179
1D1,FAUC,2.09,0.167,0.317
1D1,FAUC,6.75,0.167,0.226
1D1,FAUC,6.76,0.500,1.132
1D1,FAUC,6.77,0.667,1.121
1D1,FAUC,7.02,1.000,0.800
1D1,FAUC,7.22,0.333,1.562
1D1,FAUC,7.23,0.833,1.141
1D1,FAUC,7.51,0.500,0.815
1D1,FAUC,9.37,1.167,0.912
1D1,FAUC,9.38,0.167,1.811
1D1,FAUC,9.80,0.333,0.860
1D1,FAUC,9.82,0.667,1.132
1D1,FAUC,10.19,0.167,0.226
1D1,FAUC,10.78,0.167,0.724
1D1,FAUC,10.81,0.167,0.453
1D1,FAUC,11.27,0.833,1.005
1D1,FAUC,12.50,0.167,0.634
1D1,FAUC,12.68,0.833,0.906
1D1,FAUC,12.73,0.167,0.226
1D1,FAUC,12.75,0.333,0.475
1D1,FAUC,12.99,0.167,1.041
1D1,FAUC,13.25,1.000,0.815
1D1,FAUC,13.26,0.500,0.890
1D1,FAUC,14.26,1.833,1.260
1D1,FAUC,14.30,0.500,0.528
1D1,FAUC,14.46,0.167,0.317
1D1,FAUC,14.50,0.167,0.226
1D1,FAUC,14.75,0.167,0.860
1D1,FAUC,14.77,1.000,1.268
1D1,FAUC,14.80,0.167,0.226
1D1,FAUC,14.80,0.167,0.226
1D1,FAUC,15.07,0.167,1.675
1D1,FAUC,16.47,0.333,0.702
1D1,FAUC,17.29,0.167,0.407
1D1,FAUC,17.39,0.333,0.657
1D1,FAUC,17.43,0.167,0.634
1D1,FAUC,17.44,0.167,0.724
1D1,FAUC,17.44,0.500,0.966
1D1,FAUC,17.61,0.333,0.385
1D1,FAUC,17.99,0.667,0.883
1D1,FAUC,18.04,0.167,0.770
1D1,FAUC,18.17,0.167,0.407
1D1,FAUC,18.31,0.333,0.815
1D1,FAUC,18.32,0.167,0.453
1D1,FAUC,18.33,2.333,1.155
1D1,FAUC,18.39,0.333,0.702
1D1,FAUC,18.40,0.667,1.098
1D1,FAUC,18.59,0.167,0.407
1D1,FAUC,18.60,0.167,0.226
1D1,FAUC,18.89,0.333,0.860
1D1,FAUC,20.29,0.667,1.098
1D1,FAUC,20.30,0.667,0.985
1D1,FAUC,21.29,0.167,0.407
1D1,FAUC,21.87,0.833,0.942
1D1,FAUC,21.89,0.167,0.317
1D1,FAUC,21.90,0.333,0.543
1D1,FAUC,21.97,0.167,0.226
1D1,FAUC,22.30,0.500,0.740
1D1,FAUC,22.32,0.167,0.226
1D1,SHWR,22.09,11.333,1.572
1D2,CWSH,20.35,1.000,2.678
1D2,CWSH,20.42,0.667,1.189
1D2,CWSH,20.50,3.167,2.899
1D2,FAUC,7.25,0.333,1.195
1D2,FAUC,7.28,0.500,1.021
1D2,FAUC,7.35,0.333,0.831
1D2,FAUC,8.37,0.333,0.675
1D2,FAUC,8.41,0.333,0.883
1D2,FAUC,8.43,0.667,0.649
1D2,FAUC,8.45,1.667,1.002
1D2,FAUC,8.67,0.333,0.961
1D2,FAUC,8.72,0.667,0.740
1D2,FAUC,8.73,0.333,1.195
1D2,FAUC,8.74,0.167,0.312
1D2,FAUC,14.73,1.500,0.669
1D2,FAUC,14.81,1.333,1.558
1D2,FAUC,14.85,0.167,0.260
1D2,FAUC,14.87,1.167,0.275
1D2,FAUC,16.82,1.000,2.052
1D2,FAUC,16.84,0.667,1.039
1D2,FAUC,17.00,0.333,0.312
1D2,FAUC,17.10,0.167,0.467
1D2,FAUC,17.13,0.500,1.091
1D2,FAUC,17.16,0.333,0.286
1D2,FAUC,17.31,0.333,0.571
1D2,FAUC,17.33,0.167,0.312
1D2,FAUC,17.38,0.333,0.519
1D2,FAUC,17.65,0.167,0.312
1D2,FAUC,17.67,0.167,0.571
1D2,FAUC,18.15,0.167,1.143
1D2,FAUC,18.34,0.167,0.260
1D2,FAUC,18.69,1.000,1.125
1D2,FAUC,18.71,0.667,1.078
1D2,FAUC,20.43,0.167,0.260
1D2,FAUC,20.49,0.167,0.260
1D2,FAUC,20.59,0.333,0.701
1D2,SHWR,9.02,6.000,1.342
1D3,FAUC,6.22,0.333,0.922
1D3,FAUC,6.37,0.167,0.634
1D3,FAUC,6.83,0.333,0.403
1D3,FAUC,7.05,0.167,2.592
1D3,FAUC,7.17,0.167,0.518
1D3,FAUC,7.17,2.167,0.284
1D3,FAUC,8.53,1.333,0.655
1D3,FAUC,8.56,0.833,0.657
1D3,FAUC,8.83,0.167,0.346
1D3,FAUC,9.05,0.333,0.749
1D3,FAUC,11.02,0.167,0.691
1D3,FAUC,11.02,0.333,1.152
1D3,FAUC,11.05,0.167,0.634
1D3,FAUC,12.09,0.167,0.691
1D3,FAUC,12.10,4.167,1.802
1D3,FAUC,12.18,0.667,1.829
1D3,FAUC,12.23,2.500,0.876
1D3,FAUC,13.65,0.333,0.576
1D3,FAUC,13.74,0.167,0.806
1D3,FAUC,16.57,0.333,1.267
1D3,FAUC,16.76,0.167,0.979
1D3,FAUC,16.93,0.333,0.662
1D3,FAUC,17.28,0.167,1.094
1D3,FAUC,17.35,0.167,0.518
1D3,FAUC,17.79,0.333,0.346
1D3,FAUC,21.02,0.333,0.864
1D3,SHWR,7.07,4.167,1.291
1D3,SHWR,8.30,11.333,1.795
1D4,FAUC,5.57,0.500,0.740
1D4,FAUC,5.59,0.667,0.668
1D4,FAUC,5.60,0.833,0.616
1D4,FAUC,5.65,0.333,0.815
1D4,FAUC,5.77,0.167,0.770
1D4,FAUC,5.97,1.167,0.627
1D4,FAUC,6.01,0.500,0.724
1D4,FAUC,6.02,0.167,0.226
1D4,FAUC,6.04,0.500,0.875
1D4,FAUC,6.11,0.667,0.690
1D4,FAUC,6.14,2.000,1.113
1D4,FAUC,6.19,1.500,0.941
1D4,FAUC,6.34,0.167,0.226
1D4,FAUC,16.83,0.333,0.317
1D4,FAUC,17.01,0.167,1.358
1D4,FAUC,17.26,0.167,0.226
1D4,FAUC,17.91,0.167,0.362
1D4,FAUC,17.92,0.167,0.679
1D4,FAUC,18.84,0.500,0.528
1D4,FAUC,18.87,0.167,0.634
1D4,FAUC,18.88,0.167,0.317
1D4,FAUC,19.44,0.500,0.196
1D4,FAUC,19.45,1.000,0.724
1D4,FAUC,19.46,0.167,0.860
1D4,FAUC,19.47,0.833,0.643
1D4,FAUC,19.49,0.333,0.340
1D4,FAUC,21.57,0.167,0.362
1D4,FAUC,21.59,0.333,0.204
1D5,CWSH,14.54,3.167,0.982
1D5,CWSH,15.42,0.667,1.525
1D5,CWSH,15.56,3.500,1.355
1D5,CWSH,15.72,0.333,1.076
1D5,CWSH,15.73,0.333,1.026
1D5,CWSH,16.02,2.333,1.321
1D5,FAUC,2.71,0.167,0.689
1D5,FAUC,3.39,1.667,0.034
1D5,FAUC,7.99,0.167,0.787
1D5,FAUC,8.99,1.333,1.027
1D5,FAUC,9.07,1.000,0.631
1D5,FAUC,9.22,1.000,0.320
1D5,FAUC,10.26,0.500,0.968
1D5,FAUC,10.27,0.167,0.295
1D5,FAUC,10.62,0.333,0.418
1D5,FAUC,11.04,1.000,0.763
1D5,FAUC,11.06,0.333,0.664
1D5,FAUC,11.25,0.667,0.517
1D5,FAUC,11.28,0.500,0.820
1D5,FAUC,14.21,0.333,0.541
1D5,FAUC,14.23,0.333,0.517
1D5,FAUC,14.26,0.667,0.234
1D5,FAUC,15.22,0.333,0.787
1D5,FAUC,15.33,0.333,0.418
1D5,FAUC,15.43,0.167,0.246
1D5,FAUC,15.72,0.167,0.246
1D5,FAUC,16.06,0.833,0.059
1D5,FAUC,16.17,1.500,0.760
1D5,FAUC,16.76,0.333,0.566
1D5,FAUC,17.90,0.333,0.418
1D5,FAUC,17.91,0.167,0.738
1D5,FAUC,18.72,1.167,0.977
1D5,FAUC,19.94,0.167,0.394
1D5,FAUC,19.94,0.167,0.246
1D5,FAUC,20.07,0.167,0.541
1D5,FAUC,20.81,0.333,1.132
1D5,FAUC,20.87,2.667,1.076
1D5,FAUC,22.25,1.000,0.566
1D5,FAUC,22.27,0.167,0.246
1D5,FAUC,22.27,0.333,0.910
1D5,FAUC,22.28,0.333,0.959
1D5,FAUC,22.29,0.333,0.615
1D5,FAUC,22.85,0.333,0.959
1D5,FAUC,22.95,0.333,0.615
1D5,FAUC,22.99,0.333,0.467
1E1,CWSH,11.74,3.500,1.488
1E1,CWSH,11.81,0.500,1.117
1E1,CWSH,12.09,5.667,1.215
1E1,CWSH,17.46,3.333,1.571
1E1,CWSH,17.55,0.667,0.958
1E1,CWSH,17.79,1.167,1.079
1E1,CWSH,17.83,4.333,1.273
1E1,FAUC,6.67,0.667,0.935
1E1,FAUC,7.02,0.333,0.566
1E1,FAUC,7.28,0.500,1.017
1E1,FAUC,7.36,0.167,0.935
1E1,FAUC,7.39,0.167,0.640
1E1,FAUC,7.43,0.167,0.443
1E1,FAUC,7.58,0.333,0.738
1E1,FAUC,7.98,0.167,0.492
1E1,FAUC,8.01,0.167,0.394
1E1,FAUC,8.01,0.667,1.046
1E1,FAUC,8.25,0.167,0.443
1E1,FAUC,8.52,0.333,0.443
1E1,FAUC,10.38,0.333,0.910
1E1,FAUC,10.75,4.000,1.810
1E1,FAUC,10.82,2.167,1.355
1E1,FAUC,10.86,3.833,1.119
1E1,FAUC,10.88,0.500,0.869
1E1,FAUC,10.92,0.167,0.836
1E1,FAUC,10.93,0.333,0.763
1E1,FAUC,10.94,0.333,1.009
1E1,FAUC,11.06,0.167,0.443
1E1,FAUC,11.11,0.333,0.689
1E1,FAUC,11.12,0.667,0.738
1E1,FAUC,11.14,0.167,0.787
1E1,FAUC,11.17,0.333,0.517
1E1,FAUC,11.18,0.167,0.394
1E1,FAUC,11.21,0.500,0.607
1E1,FAUC,11.93,0.500,0.935
1E1,FAUC,11.98,0.333,0.541
1E1,FAUC,11.99,0.167,0.394
1E1,FAUC,12.00,0.333,0.295
1E1,FAUC,12.02,0.167,0.787
1E1,FAUC,12.04,0.167,0.295
1E1,FAUC,12.05,0.167,0.295
1E1,FAUC,12.07,0.167,0.443
1E1,FAUC,12.20,0.333,1.132
1E1,FAUC,12.21,0.167,1.476
1E1,FAUC,12.22,0.167,0.590
1E1,FAUC,12.44,0.333,0.541
1E1,FAUC,12.99,0.333,0.812
1E1,FAUC,15.86,0.167,0.394
1E1,FAUC,18.76,0.333,0.836
1E1,FAUC,18.92,0.667,0.480
1E1,FAUC,18.98,0.167,0.295
1E1,FAUC,19.04,0.333,0.590
1E1,FAUC,19.16,0.167,0.886
1E1,FAUC,19.61,0.167,0.590
1E1,FAUC,19.66,0.167,0.492
1E1,FAUC,19.67,0.167,0.640
1E1,FAUC,19.72,0.167,0.295
1E1,FAUC,20.88,0.167,0.295
1E1,FAUC,20.92,0.333,0.689
1E1,FAUC,21.14,1.000,0.189
1E1,FAUC,21.15,0.167,0.246
1E1,FAUC,21.16,0.167,0.295
1E1,SHWR,6.73,7.500,0.921
1E2,FAUC,8.18,1.333,1.341
1E2,FAUC,8.30,0.333,0.689
1E2,FAUC,8.31,0.667,0.910
1E2,FAUC,9.58,0.167,1.378
1E2,FAUC,9.77,0.500,1.050
1E2,FAUC,9.88,0.500,1.050
1E2,FAUC,9.94,0.167,0.590
1E2,FAUC,9.95,0.333,0.369
1E2,FAUC,9.96,0.167,0.443
1E2,FAUC,9.97,0.167,0.590
1E2,FAUC,9.98,0.167,0.935
1E2,FAUC,12.46,0.333,0.689
1E2,FAUC,12.55,0.333,0.836
1E2,FAUC,14.60,0.333,0.369
1E2,FAUC,14.82,0.500,0.754
1E2,FAUC,15.72,0.167,1.525
1E2,FAUC,18.21,0.667,0.677
1E2,FAUC,18.22,0.333,0.467
1E2,FAUC,18.30,2.500,1.069
1E2,SHWR,18.01,8.333,1.708
1H1,FAUC,5.93,1.667,1.508
1H1,FAUC,6.48,0.167,0.498
1H1,FAUC,7.07,0.167,0.453
1H1,FAUC,7.08,0.833,1.005
1H1,FAUC,7.23,0.667,0.838
1H1,FAUC,7.28,0.333,0.815
1H1,FAUC,7.31,0.167,0.589
1H1,FAUC,7.67,0.833,2.119
1H1,FAUC,7.95,0.333,0.860
1H1,FAUC,8.16,0.500,0.634
1H1,FAUC,8.25,1.500,1.700
1H1,FAUC,9.33,0.167,0.951
1H1,FAUC,9.87,0.167,0.770
1H1,FAUC,11.29,0.167,0.453
1H1,FAUC,11.73,0.167,0.679
1H1,FAUC,11.97,0.333,0.521
1H1,FAUC,12.14,0.667,1.675
1H1,FAUC,12.52,0.167,0.407
1H1,FAUC,12.53,1.000,1.094
1H1,FAUC,12.55,1.000,0.890
1H1,FAUC,12.58,0.167,1.041
1H1,FAUC,12.59,0.833,1.069
1H1,FAUC,14.45,0.333,1.381
1H1,FAUC,16.06,0.333,0.951
1H1,FAUC,17.13,0.167,0.498
1H1,FAUC,17.15,0.667,1.743
1H1,FAUC,17.17,0.167,0.543
1H1,FAUC,17.21,0.167,0.589
1H1,FAUC,17.53,0.333,0.679
1H1,FAUC,20.04,1.500,1.182
2D1,BATH,18.10,2.500,3.584
2D1,CWSH,21.09,4.333,1.267
2D1,CWSH,21.37,2.167,0.870
2D1,CWSH,21.41,1.333,0.837
2D1,CWSH,21.48,4.500,0.924
2D1,FAUC,1.03,0.167,0.645
2D1,FAUC,2.09,0.167,0.258
2D1,FAUC,2.10,0.167,0.258
2D1,FAUC,2.13,0.167,0.730
2D1,FAUC,6.88,0.167,0.945
2D1,FAUC,6.91,0.667,0.666
2D1,FAUC,7.01,1.333,0.591
2D1,FAUC,7.19,2.167,0.678
2D1,FAUC,7.58,1.667,0.382
2D1,FAUC,7.64,4.167,0.323
2D1,FAUC,7.87,0.167,0.516
2D1,FAUC,8.45,2.000,0.630
2D1,FAUC,8.78,1.000,0.730
2D1,FAUC,9.28,0.500,0.602
2D1,FAUC,9.32,0.500,0.816
2D1,FAUC,9.62,0.500,0.816
2D1,FAUC,9.65,0.167,0.516
2D1,FAUC,9.70,0.333,0.408
2D1,FAUC,9.79,0.167,1.117
2D1,FAUC,9.94,2.167,1.210
2D1,FAUC,10.01,1.667,1.478
2D1,FAUC,10.04,0.500,1.046
2D1,FAUC,10.09,0.167,0.258
2D1,FAUC,10.09,0.167,0.816
2D1,FAUC,10.11,0.167,0.344
2D1,FAUC,10.20,0.167,0.687
2D1,FAUC,10.21,0.333,0.709
2D1,FAUC,10.34,0.167,0.258
2D1,FAUC,10.36,0.167,0.387
2D1,FAUC,10.38,0.333,0.838
2D1,FAUC,10.64,0.167,0.215
2D1,FAUC,10.66,0.167,0.344
2D1,FAUC,10.66,2.500,1.444
2D1,FAUC,10.71,0.500,0.745
2D1,FAUC,10.86,0.167,0.258
2D1,FAUC,11.88,0.333,1.074
2D1,FAUC,13.56,0.500,0.773
2D1,FAUC,13.77,0.167,0.559
2D1,FAUC,14.13,0.833,2.664
2D1,FAUC,14.85,1.333,2.143
2D1,FAUC,15.29,0.167,0.258
2D1,FAUC,15.68,0.333,0.344
2D1,FAUC,16.98,0.333,0.537
2D1,FAUC,17.04,0.500,1.332
2D1,FAUC,17.06,0.500,0.859
2D1,FAUC,17.53,0.167,0.945
2D1,FAUC,17.56,0.167,0.816
2D1,FAUC,17.95,2.000,1.851
2D1,FAUC,18.07,1.667,1.259
2D1,FAUC,18.30,0.333,0.902
2D1,FAUC,18.58,0.333,0.924
2D1,FAUC,19.11,0.167,0.945
2D1,FAUC,19.60,0.167,0.473
2D1,FAUC,20.16,2.667,0.811
2D1,FAUC,20.52,1.833,1.148
2D1,FAUC,20.56,0.500,0.816
2D1,FAUC,20.57,0.167,0.344
2D1,FAUC,23.08,1.167,1.891
2D1,SHWR,4.16,8.500,1.354
2D1,SHWR,7.98,5.167,1.393
2D1,SHWR,8.75,4.833,1.492
2D1,SHWR,15.08,4.833,1.492
2D2,DWSH,19.42,1.667,0.585
2D2,DWSH,19.57,1.667,0.560
2D2,DWSH,19.79,2.000,0.625
2D2,DWSH,19.94,1.500,0.616
2D2,DWSH,20.17,1.500,0.612
2D2,FAUC,6.37,0.333,0.362
2D2,FAUC,7.12,0.333,0.702
2D2,FAUC,7.26,1.333,1.041
2D2,FAUC,7.35,0.167,0.770
2D2,FAUC,7.44,0.167,0.724
2D2,FAUC,7.45,0.167,0.407
2D2,FAUC,8.02,0.333,0.679
2D2,FAUC,8.20,0.500,0.649
2D2,FAUC,8.23,0.167,0.362
2D2,FAUC,9.87,0.500,0.951
2D2,FAUC,9.96,0.333,0.973
2D2,FAUC,11.04,0.333,0.385
2D2,FAUC,12.88,0.333,0.883
2D2,FAUC,14.30,0.667,1.019
2D2,FAUC,14.42,0.500,0.664
2D2,FAUC,14.44,1.333,0.821
2D2,FAUC,14.48,1.167,1.022
2D2,FAUC,14.55,0.167,0.724
2D2,FAUC,15.97,0.333,0.498
2D2,FAUC,16.21,0.500,1.268
2D2,FAUC,16.23,1.000,0.973
2D2,FAUC,16.25,0.167,0.498
2D2,FAUC,16.35,0.167,0.272
2D2,FAUC,16.38,0.333,0.498
2D2,FAUC,16.42,0.333,0.747
2D2,FAUC,16.94,0.167,0.362
2D2,FAUC,16.96,0.167,0.272
2D2,FAUC,17.32,0.167,0.770
2D2,FAUC,17.55,0.333,0.362
2D2,FAUC,17.82,0.167,0.272
2D2,FAUC,17.93,0.167,0.272
2D2,FAUC,17.95,0.167,0.272
2D2,FAUC,19.05,0.167,0.498
2D2,FAUC,19.08,0.167,0.498
2D2,FAUC,19.11,1.000,1.087
2D2,FAUC,19.14,0.667,0.917
2D2,FAUC,19.16,1.333,0.707
2D2,FAUC,19.21,1.000,0.823
2D2,FAUC,19.25,0.833,1.141
2D2,FAUC,19.27,0.500,0.890
2D2,FAUC,19.28,0.333,1.109
2D2,FAUC,19.31,0.500,0.543
2D2,FAUC,19.33,0.500,0.709
2D2,FAUC,19.34,0.500,0.483
2D2,FAUC,19.38,0.667,0.928
2D2,FAUC,19.40,0.167,0.589
2D2,FAUC,19.74,0.333,0.611
2D2,FAUC,19.80,0.167,1.132
2D2,FAUC,19.82,0.333,2.151
2D2,FAUC,20.11,0.333,0.566
2D2,FAUC,20.14,0.333,0.566
2D2,FAUC,20.96,0.333,0.996
2D2,FAUC,21.36,0.333,0.815
2D2,FAUC,22.65,0.167,0.724
2D2,SHWR,7.83,11.333,1.572
2D3,CWSH,9.49,3.333,1.094
2D3,CWSH,9.67,3.333,1.521
2D3,CWSH,9.77,3.000,1.311
2D3,CWSH,10.27,4.333,0.930
2D3,CWSH,10.59,3.500,1.373
2D3,CWSH,10.80,3.667,1.040
2D3,DWSH,10.04,0.833,2.330
2D3,DWSH,10.12,0.667,2.478
2D3,DWSH,10.63,0.667,2.109
2D3,FAUC,6.11,0.167,0.518
2D3,FAUC,6.15,0.667,2.146
2D3,FAUC,6.38,0.500,0.442
2D3,FAUC,6.39,0.333,1.037
2D3,FAUC,6.60,0.333,0.634
2D3,FAUC,6.61,0.500,0.864
2D3,FAUC,6.66,1.333,1.130
2D3,FAUC,6.75,2.167,1.161
2D3,FAUC,6.76,0.167,1.152
2D3,FAUC,6.81,2.167,0.727
2D3,FAUC,6.95,0.333,0.720
2D3,FAUC,8.08,0.167,1.152
2D3,FAUC,8.10,0.333,0.576
2D3,FAUC,8.17,0.167,0.346
2D3,FAUC,8.31,0.167,0.749
2D3,FAUC,8.88,0.167,0.461
2D3,FAUC,8.91,0.500,1.133
2D3,FAUC,8.94,0.333,0.922
2D3,FAUC,8.96,0.167,0.691
2D3,FAUC,9.62,0.500,0.480
2D3,FAUC,9.65,0.333,0.547
2D3,FAUC,10.53,0.167,0.806
2D3,FAUC,10.67,0.333,1.123
2D3,FAUC,12.01,0.333,1.210
2D3,FAUC,13.65,1.333,0.756
2D3,FAUC,13.68,0.333,0.749
2D3,FAUC,14.02,0.833,2.339
2D3,FAUC,14.94,0.167,0.979
2D3,FAUC,15.63,0.167,0.749
2D3,FAUC,15.73,0.167,0.461
2D3,FAUC,15.87,0.500,0.864
2D3,FAUC,16.34,0.333,0.864
2D3,FAUC,16.38,0.333,1.267
2D3,FAUC,16.39,0.167,1.267
2D3,FAUC,16.40,0.667,0.490
2D3,FAUC,16.50,0.167,1.325
2D3,FAUC,16.78,0.667,0.821
2D3,FAUC,16.83,0.167,0.979
2D3,FAUC,16.88,1.000,0.931
2D3,FAUC,16.92,0.333,1.123
2D3,FAUC,18.30,0.167,0.806
2D3,FAUC,18.31,0.167,0.518
2D3,FAUC,20.74,3.000,1.382
2D3,FAUC,21.32,0.167,0.979
2D3,FAUC,21.35,0.167,0.461
2D3,FAUC,21.42,0.500,0.653
2D3,FAUC,21.58,0.167,0.806
2D3,FAUC,23.05,0.167,0.634
2D3,FAUC,23.24,0.333,0.720
2D3,SHWR,20.55,4.000,1.315
2D3,SHWR,20.62,12.000,1.220
2D4,CWSH,15.79,3.500,1.749
2D4,CWSH,16.08,4.500,1.293
2D4,CWSH,16.25,0.500,0.756
2D4,CWSH,16.26,0.500,0.661
2D4,FAUC,7.11,0.333,0.566
2D4,FAUC,8.60,0.833,0.625
2D4,FAUC,8.67,2.000,1.147
2D4,FAUC,8.87,0.500,0.181
2D4,FAUC,9.14,0.167,0.860
2D4,FAUC,9.21,0.167,0.317
2D4,FAUC,9.24,0.167,0.407
2D4,FAUC,9.32,1.000,0.543
2D4,FAUC,9.75,0.333,0.317
2D4,FAUC,11.79,0.167,0.543
2D4,FAUC,11.83,0.333,0.543
2D4,FAUC,12.31,0.167,0.543
2D4,FAUC,12.64,0.167,0.543
2D4,FAUC,12.65,0.833,0.906
2D4,FAUC,13.02,0.333,0.204
2D4,FAUC,14.63,0.167,0.407
2D4,FAUC,17.84,0.500,0.241
2D4,FAUC,21.69,0.167,0.317
2D4,FAUC,21.73,0.500,0.679
2D4,FAUC,21.74,0.333,0.430
2D4,FAUC,21.75,0.500,0.347
2D4,FAUC,21.82,0.500,0.453
2D4,FAUC,22.78,0.333,0.362
2D4,SHWR,9.07,4.167,1.572
2D5,FAUC,6.50,0.167,0.258
2D5,FAUC,7.06,2.667,0.910
2D5,FAUC,7.08,1.333,1.294
2D5,FAUC,7.12,1.833,0.234
2D5,FAUC,7.21,2.333,0.132
2D5,FAUC,7.50,0.500,0.659
2D5,FAUC,7.62,0.500,0.401
2D5,FAUC,7.64,0.333,0.473
2D5,FAUC,7.99,0.833,0.180
2D5,FAUC,8.16,0.333,0.258
2D5,FAUC,8.28,0.167,0.859
2D5,FAUC,8.31,0.167,0.430
2D5,FAUC,8.64,1.167,1.129
2D5,FAUC,8.70,0.333,0.666
2D5,FAUC,17.21,0.333,0.301
2D5,FAUC,19.82,0.500,0.859
2D5,FAUC,20.15,0.167,0.687
2D5,FAUC,20.19,0.333,1.353
2D5,FAUC,20.62,1.000,0.938
2D5,FAUC,20.66,0.333,0.924
2D5,FAUC,20.67,1.667,1.182
2D5,FAUC,20.73,1.667,0.791
2D5,FAUC,21.56,0.333,1.805
2D5,FAUC,21.83,1.000,0.508
2D5,FAUC,21.87,0.167,0.602
2D5,FAUC,22.13,0.333,0.687
2D5,FAUC,22.16,0.833,1.409
2D5,FAUC,23.01,0.167,0.258
2D5,FAUC,23.07,0.500,0.559
2D5,FAUC,23.12,0.167,0.816
2D5,FAUC,23.55,1.667,0.614
2D5,SHWR,7.12,7.833,1.492
2D5,SHWR,11.33,4.667,1.492
2E1,CWSH,10.88,3.333,1.836
2E1,CWSH,11.23,3.333,1.811
2E1,CWSH,11.38,0.333,1.472
2E1,FAUC,1.32,0.167,0.498
2E1,FAUC,7.25,0.167,0.407
2E1,FAUC,7.60,0.167,0.362
2E1,FAUC,7.61,0.167,0.362
2E1,FAUC,8.70,0.167,0.362
2E1,FAUC,8.71,0.667,0.781
2E1,FAUC,8.76,0.333,0.498
2E1,FAUC,8.89,0.167,0.226
2E1,FAUC,8.98,0.333,0.860
2E1,FAUC,9.12,0.333,1.132
2E1,FAUC,9.49,0.500,0.468
2E1,FAUC,9.58,3.667,1.169
2E1,FAUC,9.73,0.167,0.679
2E1,FAUC,9.82,0.333,0.498
2E1,FAUC,10.22,0.667,0.238
2E1,FAUC,10.26,0.167,1.087
2E1,FAUC,10.37,0.167,0.272
2E1,FAUC,10.48,0.167,0.362
2E1,FAUC,10.60,0.333,1.358
2E1,FAUC,10.85,0.333,0.996
2E1,FAUC,10.93,0.167,1.721
2E1,FAUC,11.09,0.167,0.770
2E1,FAUC,11.10,0.167,1.358
2E1,FAUC,11.15,0.167,0.453
2E1,FAUC,11.17,0.167,0.453
2E1,FAUC,11.26,0.333,1.177
2E1,FAUC,11.29,0.167,0.362
2E1,FAUC,11.43,0.167,0.272
2E1,FAUC,11.72,0.167,0.272
2E1,FAUC,11.91,0.167,0.272
2E1,FAUC,12.53,0.167,0.362
2E1,FAUC,12.66,0.167,0.272
2E1,FAUC,12.76,0.333,0.566
2E1,FAUC,12.96,0.167,0.272
2E1,FAUC,13.08,0.167,0.362
2E1,FAUC,13.11,0.167,0.498
2E1,FAUC,13.21,2.167,1.888
2E1,FAUC,13.45,0.333,0.996
2E1,FAUC,13.53,2.333,1.203
2E1,FAUC,13.71,0.167,0.272
2E1,FAUC,13.76,0.333,0.543
2E1,FAUC,14.26,0.167,0.860
2E1,FAUC,14.54,0.167,0.272
2E1,FAUC,14.57,0.167,0.272
2E1,FAUC,14.72,0.167,0.272
2E1,FAUC,15.04,0.167,0.226
2E1,FAUC,15.10,0.167,0.543
2E1,FAUC,15.11,0.167,0.543
2E1,FAUC,15.14,0.167,0.362
2E1,FAUC,15.18,0.333,0.928
2E1,FAUC,15.39,0.167,0.272
2E1,FAUC,15.45,0.167,0.362
2E1,FAUC,15.63,0.167,0.272
2E1,FAUC,15.77,0.167,0.407
2E1,FAUC,16.16,0.167,0.272
2E1,FAUC,16.70,0.333,1.155
2E1,FAUC,16.74,0.167,0.362
2E1,FAUC,16.78,0.167,0.634
2E1,FAUC,17.14,0.333,0.249
2E1,FAUC,17.42,0.333,0.679
2E1,FAUC,18.03,0.167,0.272
2E1,FAUC,18.07,0.167,0.589
2E1,FAUC,18.09,0.333,1.630
2E1,FAUC,18.62,0.500,1.343
2E1,FAUC,18.67,0.333,0.770
2E1,FAUC,18.69,0.167,0.860
2E1,FAUC,18.69,0.167,0.362
2E1,FAUC,18.70,0.167,0.362
2E1,FAUC,20.27,0.500,0.619
2E1,FAUC,20.31,0.333,0.362
2E1,FAUC,20.47,0.167,0.453
2E1,FAUC,20.74,0.167,0.272
2E1,FAUC,20.74,0.167,0.272
2E1,FAUC,21.66,0.167,0.679
2E1,FAUC,22.24,0.167,0.453
2E1,FAUC,22.66,0.167,0.226
2E1,FAUC,22.99,0.167,0.272
2E1,SHWR,9.94,11.667,1.572
2E1,SHWR,18.28,5.833,1.572
2E1,SHWR,21.28,7.833,1.572
2E2,BATH,4.69,1.333,2.820
2E2,BATH,4.72,2.000,2.969
2E2,CWSH,5.32,3.000,1.192
2E2,CWSH,5.69,2.333,1.597
2E2,CWSH,5.75,0.500,1.260
2E2,CWSH,5.85,0.500,1.005
2E2,CWSH,5.87,2.333,1.645
2E2,CWSH,5.97,0.333,1.125
2E2,DWSH,6.81,1.000,0.901
2E2,DWSH,6.91,0.833,1.028
2E2,DWSH,6.98,0.833,1.020
2E2,DWSH,7.65,0.833,0.960
2E2,DWSH,7.71,0.833,0.960
2E2,DWSH,7.78,0.833,0.952
2E2,FAUC,5.07,1.000,0.530
2E2,FAUC,5.14,1.667,0.047
2E2,FAUC,6.62,0.333,0.773
2E2,FAUC,6.63,0.667,0.795
2E2,FAUC,6.65,0.333,0.795
2E2,FAUC,6.67,0.167,1.418
2E2,FAUC,6.75,0.167,1.289
2E2,FAUC,6.79,0.333,0.730
2E2,FAUC,6.82,0.333,0.408
2E2,FAUC,6.90,0.500,0.888
2E2,FAUC,6.92,0.333,0.730
2E2,FAUC,6.95,0.167,0.473
2E2,FAUC,7.04,0.167,0.344
2E2,FAUC,7.08,0.167,0.258
2E2,FAUC,7.20,0.167,0.516
2E2,FAUC,7.28,0.500,0.587
2E2,FAUC,7.32,0.500,0.444
2E2,FAUC,7.39,0.167,0.387
2E2,FAUC,7.99,0.667,0.849
2E2,FAUC,8.01,0.333,0.988
2E2,FAUC,8.03,0.167,0.559
2E2,FAUC,8.05,0.500,0.587
2E2,FAUC,8.17,0.333,0.537
2E2,FAUC,8.45,0.167,0.730
2E2,FAUC,8.62,0.333,0.709
2E2,FAUC,8.71,0.833,1.134
2E2,FAUC,8.94,0.333,0.988
2E2,FAUC,8.96,0.333,0.365
2E2,FAUC,9.00,0.333,0.730
2E2,FAUC,9.11,0.167,0.559
2E2,FAUC,9.36,0.167,0.473
2E2,FAUC,9.46,0.167,0.387
2E2,FAUC,9.58,0.167,0.215
2E2,FAUC,10.15,0.500,0.788
2E2,FAUC,10.77,1.333,0.064
2E2,FAUC,11.23,0.333,1.332
2E2,FAUC,11.30,0.167,0.430
2E2,FAUC,11.32,0.167,0.301
2E2,FAUC,11.49,0.167,0.645
2E2,FAUC,11.52,0.333,0.559
2E2,FAUC,13.59,0.167,0.301
2E2,FAUC,14.03,1.833,0.031
2E2,FAUC,14.19,0.167,0.988
2E2,FAUC,14.50,1.667,0.971
2E2,FAUC,14.70,0.833,0.756
2E2,FAUC,14.75,0.667,0.978
2E2,FAUC,14.77,0.500,1.031
2E2,FAUC,14.79,0.500,0.902
2E2,FAUC,14.83,0.500,0.759
2E2,FAUC,14.88,0.167,0.988
2E2,FAUC,14.88,1.333,0.038
2E2,FAUC,15.08,1.167,1.412
2E2,FAUC,15.99,0.500,0.745
2E2,FAUC,16.22,0.167,0.215
2E2,FAUC,16.22,0.167,0.816
2E2,FAUC,16.25,1.000,0.924
2E2,FAUC,16.37,0.167,0.687
2E2,FAUC,16.44,0.333,0.516
2E2,FAUC,16.65,0.167,0.344
2E2,FAUC,17.80,0.500,0.845
2E2,FAUC,17.82,0.500,0.931
2E2,FAUC,18.00,0.667,0.945
2E2,FAUC,18.01,2.500,0.034
2E2,FAUC,18.05,0.167,0.602
2E2,FAUC,18.39,0.167,0.215
2E2,FAUC,19.19,0.167,0.301
2E2,FAUC,19.19,0.333,0.344
2E2,FAUC,19.23,0.333,0.623
2E2,FAUC,19.47,0.167,0.172
2E2,FAUC,20.01,0.333,1.096
2E2,FAUC,20.06,0.500,0.945
2E2,FAUC,20.17,0.667,0.967
2E2,FAUC,20.25,0.167,0.602
2E2,FAUC,20.27,0.167,0.387
2E2,FAUC,20.31,0.167,0.301
2E2,FAUC,20.31,0.333,0.129
2E2,FAUC,20.32,0.667,0.902
2E2,FAUC,20.62,0.333,0.752
2E2,FAUC,20.77,0.667,0.537
2E2,FAUC,21.00,0.167,0.645
2E2,FAUC,22.49,1.333,0.435
2H1,CWSH,10.35,1.500,1.854
2H1,CWSH,10.77,2.000,1.380
2H1,CWSH,11.06,2.333,1.686
2H1,CWSH,11.36,2.500,1.270
2H1,FAUC,4.45,0.167,0.226
2H1,FAUC,7.79,0.667,0.509
2H1,FAUC,8.51,0.500,0.257
2H1,FAUC,9.26,1.000,0.060
2H1,FAUC,9.44,2.833,0.312
2H1,FAUC,9.84,1.667,0.503
2H1,FAUC,10.16,1.500,0.397
2H1,FAUC,10.19,1.167,0.679
2H1,FAUC,10.25,0.333,0.566
2H1,FAUC,10.69,0.833,1.041
2H1,FAUC,10.84,0.333,0.249
2H1,FAUC,11.57,0.333,0.385
2H1,FAUC,11.58,0.500,0.890
2H1,FAUC,14.82,0.500,0.241
2H1,FAUC,14.84,0.500,0.377
2H1,FAUC,14.92,2.500,0.121
2H1,FAUC,17.03,0.833,1.141
2H1,FAUC,18.45,3.333,0.690
2H1,FAUC,18.51,2.333,0.899
2H1,FAUC,18.60,0.833,0.987
2H1,FAUC,20.34,0.333,1.336
2H1,FAUC,21.05,0.500,0.890
2H1,FAUC,21.06,1.833,1.227
2H1,FAUC,21.12,1.333,1.426
2H1,FAUC,21.22,2.667,0.192
2H1,FAUC,21.58,1.333,0.832
2H1,FAUC,21.71,0.500,0.694
2H1,FAUC,21.92,0.500,0.574
2H1,SHWR,7.70,2.833,1.470
2H1,SHWR,8.08,4.833,1.260
2H1,SHWR,16.97,5.000,1.528
3D1,BATH,14.81,2.833,3.457
3D1,CWSH,22.78,4.000,0.522
3D1,CWSH,22.86,4.167,0.169
3D1,CWSH,22.96,1.500,0.290
3D1,CWSH,23.01,0.667,0.652
3D1,CWSH,23.03,2.833,0.261
3D1,CWSH,23.08,2.000,0.491
3D1,CWSH,23.14,2.833,0.701
3D1,CWSH,23.20,2.667,0.774
3D1,CWSH,23.31,4.000,0.726
3D1,CWSH,23.50,0.667,0.465
3D1,DWSH,16.90,1.000,1.072
3D1,DWSH,17.00,0.500,0.736
3D1,DWSH,17.17,1.667,1.065
3D1,DWSH,17.31,1.667,1.070
3D1,FAUC,9.08,0.500,0.802
3D1,FAUC,9.54,0.167,0.730
3D1,FAUC,9.61,1.167,0.798
3D1,FAUC,9.64,0.167,0.988
3D1,FAUC,9.66,0.333,0.902
3D1,FAUC,9.67,0.833,0.859
3D1,FAUC,9.74,0.167,0.816
3D1,FAUC,10.21,0.167,0.258
3D1,FAUC,10.60,0.333,0.859
3D1,FAUC,10.75,0.667,1.676
3D1,FAUC,10.79,1.000,1.461
3D1,FAUC,10.82,0.500,0.559
3D1,FAUC,11.11,0.667,0.741
3D1,FAUC,11.13,0.500,0.859
3D1,FAUC,11.21,0.500,0.874
3D1,FAUC,11.23,0.167,0.387
3D1,FAUC,11.82,0.333,0.795
3D1,FAUC,11.99,1.000,0.888
3D1,FAUC,12.10,0.333,0.623
3D1,FAUC,12.39,0.500,0.645
3D1,FAUC,12.43,0.833,0.748
3D1,FAUC,13.11,0.500,0.659
3D1,FAUC,13.23,0.167,0.687
3D1,FAUC,13.24,0.333,0.623
3D1,FAUC,13.30,0.500,0.687
3D1,FAUC,13.54,0.500,0.573
3D1,FAUC,13.91,0.167,0.602
3D1,FAUC,14.05,2.500,1.126
3D1,FAUC,14.14,0.333,0.602
3D1,FAUC,14.17,1.000,0.637
3D1,FAUC,14.20,0.333,0.709
3D1,FAUC,14.91,1.167,0.620
3D1,FAUC,16.16,0.167,0.816
3D1,FAUC,16.44,0.167,0.387
3D1,FAUC,16.45,3.333,0.900
3D1,FAUC,16.51,0.500,0.802
3D1,FAUC,16.82,0.167,0.687
3D1,FAUC,16.83,0.333,0.602
3D1,FAUC,16.85,0.500,0.745
3D1,FAUC,16.88,1.333,1.053
3D1,FAUC,16.89,0.333,0.773
3D1,FAUC,16.92,0.333,0.473
3D1,FAUC,16.95,0.333,0.623
3D1,FAUC,17.09,0.167,0.387
3D1,FAUC,17.26,0.167,0.258
3D1,FAUC,17.36,0.500,0.902
3D1,FAUC,17.37,0.833,0.799
3D1,FAUC,17.73,0.667,0.913
3D1,FAUC,17.88,0.333,0.537
3D1,FAUC,17.99,0.333,0.537
3D1,FAUC,18.09,1.667,0.636
3D1,FAUC,18.23,0.333,0.408
3D1,FAUC,18.52,0.667,0.859
3D1,FAUC,18.54,0.500,0.773
3D1,FAUC,18.55,0.833,0.773
3D1,FAUC,18.59,0.167,0.945
3D1,FAUC,18.60,0.167,0.344
3D1,FAUC,18.64,0.333,0.344
3D1,FAUC,18.75,0.167,0.516
3D1,FAUC,19.69,0.500,0.602
3D1,FAUC,19.71,0.333,0.344
3D1,FAUC,19.77,2.333,0.899
3D1,FAUC,19.81,0.167,0.387
3D1,FAUC,19.83,0.500,0.602
3D1,FAUC,19.84,0.167,0.730
3D1,FAUC,19.89,1.667,0.902
3D1,FAUC,19.97,0.333,0.430
3D1,FAUC,19.98,0.167,0.344
3D1,FAUC,19.98,0.167,0.258
3D1,FAUC,19.99,0.667,0.537
3D1,FAUC,20.01,0.167,0.387
3D1,FAUC,20.02,0.167,0.945
3D1,FAUC,20.03,0.167,0.602
3D1,FAUC,20.04,0.167,0.687
3D1,FAUC,20.07,0.333,0.773
3D1,FAUC,20.08,0.333,0.709
3D1,FAUC,20.10,0.167,0.730
3D1,FAUC,20.57,0.167,0.473
3D1,FAUC,20.82,3.167,0.484
3D1,FAUC,20.93,1.667,0.357
3D1,FAUC,20.96,0.333,0.322
3D1,FAUC,20.98,1.167,0.270
3D1,FAUC,21.36,3.167,0.479
3D1,FAUC,21.75,3.333,0.799
3D1,FAUC,22.16,0.500,0.401
3D1,FAUC,22.33,4.333,0.364
3D1,FAUC,23.38,0.333,0.924
3D1,SHWR,0.21,5.500,0.979
3D1,SHWR,8.80,5.667,1.006
3D1,SHWR,10.25,5.000,0.855
3D1,SHWR,14.01,6.667,0.991
3D2,CWSH,20.25,3.667,1.298
3D2,CWSH,20.51,1.833,1.337
3D2,CWSH,20.64,3.500,1.334
3D2,CWSH,20.80,0.500,0.794
3D2,CWSH,20.81,0.500,0.749
3D2,FAUC,0.15,0.333,1.336
3D2,FAUC,5.92,0.167,0.317
3D2,FAUC,7.91,0.167,0.317
3D2,FAUC,8.44,0.667,0.962
3D2,FAUC,8.76,0.167,0.543
3D2,FAUC,8.81,0.333,0.362
3D2,FAUC,8.92,1.167,0.815
3D2,FAUC,8.93,0.167,0.860
3D2,FAUC,8.98,0.167,1.947
3D2,FAUC,9.08,0.167,1.268
3D2,FAUC,11.98,0.167,0.317
3D2,FAUC,16.18,0.167,0.407
3D2,FAUC,16.72,0.667,0.872
3D2,FAUC,16.77,0.667,0.872
3D2,FAUC,17.89,0.333,0.566
3D2,FAUC,17.90,0.500,0.740
3D2,FAUC,17.92,0.667,1.075
3D2,FAUC,17.94,0.167,0.407
3D2,FAUC,17.97,0.167,0.407
3D2,FAUC,18.02,0.167,0.453
3D2,FAUC,18.03,1.000,1.162
3D2,FAUC,18.07,0.500,1.026
3D2,FAUC,18.09,0.500,0.423
3D2,FAUC,18.20,0.333,0.838
3D2,FAUC,18.21,0.167,0.543
3D2,FAUC,18.23,0.167,0.407
3D2,FAUC,18.24,1.000,0.815
3D2,FAUC,18.26,0.167,0.407
3D2,FAUC,18.27,0.167,1.268
3D2,FAUC,18.29,0.500,1.207
3D2,FAUC,18.34,0.500,0.981
3D2,FAUC,18.39,0.833,1.195
3D2,FAUC,18.71,0.500,1.026
3D2,FAUC,18.73,0.333,0.838
3D2,FAUC,19.01,1.333,1.568
3D2,FAUC,19.04,0.500,1.072
3D2,FAUC,19.13,0.167,0.407
3D2,FAUC,19.28,0.167,0.407
3D2,FAUC,19.75,0.500,1.434
3D2,FAUC,19.86,0.667,0.838
3D2,FAUC,19.87,0.167,0.543
3D2,FAUC,19.90,0.833,0.580
3D2,FAUC,19.93,0.500,0.740
3D2,FAUC,19.94,0.500,1.072
3D2,FAUC,19.95,1.500,0.543
3D2,FAUC,19.97,0.333,0.838
3D2,FAUC,19.98,0.333,0.634
3D2,FAUC,20.00,0.333,0.973
3D2,FAUC,20.01,0.500,0.830
3D2,FAUC,20.02,1.333,0.521
3D2,FAUC,20.05,0.167,0.407
3D2,FAUC,20.06,0.167,0.407
3D2,FAUC,20.08,0.333,0.702
3D2,FAUC,20.09,1.167,0.640
3D2,FAUC,20.18,0.333,0.702
3D2,FAUC,20.19,0.500,0.423
3D2,FAUC,20.36,0.167,0.407
3D2,FAUC,20.83,0.167,0.498
3D2,FAUC,21.17,0.333,0.838
3D2,FAUC,21.19,0.333,0.634
3D2,FAUC,21.57,0.333,1.245
3D2,FAUC,21.62,0.167,1.675
3D2,FAUC,21.62,0.333,0.973
3D2,FAUC,21.77,0.167,0.407
3D2,FAUC,22.18,0.167,0.996
3D2,FAUC,22.21,0.333,0.702
3D2,FAUC,23.72,0.167,0.317
3D2,FAUC,23.88,0.167,0.679
3D2,FAUC,23.89,0.167,0.543
3D2,FAUC,23.90,0.167,1.268
3D2,SHWR,8.53,7.500,1.572
3D2,SHWR,8.96,5.167,1.572
3D3,CWSH,13.34,5.333,1.176
3D3,CWSH,13.62,5.000,1.163
3D3,CWSH,13.80,0.333,0.767
3D3,CWSH,13.81,0.500,0.610
3D3,CWSH,16.98,4.500,1.369
3D3,CWSH,17.25,5.167,1.146
3D3,CWSH,17.43,0.333,0.773
3D3,CWSH,17.44,0.500,0.625
3D3,FAUC,6.84,0.167,0.535
3D3,FAUC,6.87,0.667,1.057
3D3,FAUC,7.05,0.167,0.642
3D3,FAUC,8.26,0.167,0.642
3D3,FAUC,8.44,0.833,0.974
3D3,FAUC,8.46,0.167,0.642
3D3,FAUC,9.09,0.333,0.509
3D3,FAUC,13.18,0.333,0.562
3D3,FAUC,13.26,0.500,1.374
3D3,FAUC,13.32,0.833,1.777
3D3,FAUC,17.37,0.333,0.776
3D3,FAUC,18.51,0.333,0.562
3D3,FAUC,18.57,0.500,0.517
3D3,FAUC,18.59,0.333,0.937
3D3,FAUC,18.63,0.333,0.375
3D3,FAUC,18.78,0.333,1.178
3D3,FAUC,18.83,0.167,1.017
3D3,FAUC,18.95,0.333,0.509
3D3,FAUC,19.27,0.667,1.017
3D3,FAUC,19.33,1.000,0.919
3D3,FAUC,19.35,0.333,0.616
3D3,FAUC,19.39,0.667,1.606
3D3,FAUC,19.41,1.333,1.506
3D3,FAUC,19.41,0.333,0.616
3D3,FAUC,19.42,0.333,1.445
3D3,FAUC,19.44,0.167,0.535
3D3,FAUC,19.46,0.333,0.509
3D3,FAUC,19.47,1.833,1.217
3D3,FAUC,19.51,0.333,0.616
3D3,FAUC,19.53,0.667,1.111
3D3,FAUC,19.55,0.667,0.937
3D3,FAUC,19.63,0.167,0.428
3D3,FAUC,19.98,0.500,0.928
3D3,FAUC,20.01,0.333,0.509
3D3,FAUC,20.14,0.167,0.910
3D3,FAUC,21.09,0.167,0.910
3D3,FAUC,22.95,0.333,0.375
3D3,FAUC,22.96,0.333,1.552
3D3,FAUC,23.01,2.167,0.791
3D3,FAUC,23.47,0.333,0.455
3D3,SHWR,6.57,12.667,1.172
3D3,SHWR,8.86,8.667,1.859
3D3,SHWR,19.66,11.500,1.013
3D4,CWSH,9.03,3.000,1.870
3D4,CWSH,9.29,1.333,1.273
3D4,CWSH,9.33,3.333,1.602
3D4,FAUC,0.05,0.167,0.407
3D4,FAUC,1.00,0.167,0.362
3D4,FAUC,3.06,0.167,0.770
3D4,FAUC,3.92,0.167,0.226
3D4,FAUC,3.99,0.167,0.272
3D4,FAUC,4.38,0.333,0.385
3D4,FAUC,4.97,0.167,0.317
3D4,FAUC,6.26,2.333,0.647
3D4,FAUC,6.37,0.333,0.272
3D4,FAUC,6.46,0.167,0.272
3D4,FAUC,6.70,0.333,0.679
3D4,FAUC,6.86,0.333,0.294
3D4,FAUC,6.87,0.167,0.317
3D4,FAUC,6.98,0.167,0.272
3D4,FAUC,7.22,0.167,0.272
3D4,FAUC,7.23,0.333,0.272
3D4,FAUC,7.25,0.167,0.317
3D4,FAUC,7.34,0.167,0.272
3D4,FAUC,7.34,0.167,0.317
3D4,FAUC,7.53,0.167,0.272
3D4,FAUC,7.95,0.167,0.272
3D4,FAUC,7.99,0.167,0.272
3D4,FAUC,8.12,0.167,0.226
3D4,FAUC,8.44,0.333,0.634
3D4,FAUC,8.97,0.167,0.589
3D4,FAUC,8.99,0.167,0.362
3D4,FAUC,9.00,0.333,1.019
3D4,FAUC,10.68,0.167,0.272
3D4,FAUC,10.70,0.167,0.362
3D4,FAUC,11.00,0.167,0.272
3D4,FAUC,11.50,0.167,0.272
3D4,FAUC,11.53,0.333,0.272
3D4,FAUC,12.01,0.167,0.362
3D4,FAUC,12.04,0.167,0.272
3D4,FAUC,13.03,0.667,0.272
3D4,FAUC,13.07,0.167,0.272
3D4,FAUC,13.39,0.167,0.272
3D4,FAUC,13.75,0.167,0.996
3D4,FAUC,14.66,0.167,0.272
3D4,FAUC,17.02,0.167,0.317
3D4,FAUC,17.42,0.167,0.272
3D4,FAUC,17.63,0.167,0.272
3D4,FAUC,17.71,0.167,0.317
3D4,FAUC,17.76,0.333,0.724
3D4,FAUC,17.97,0.333,0.362
3D4,FAUC,18.28,0.167,0.317
3D4,FAUC,18.35,0.167,0.272
3D4,FAUC,18.88,0.333,0.724
3D4,FAUC,19.06,0.167,0.317
3D4,FAUC,19.29,0.167,0.272
3D4,FAUC,19.61,0.167,0.272
3D4,FAUC,19.63,0.167,0.272
3D4,FAUC,20.17,0.167,0.272
3D4,FAUC,20.59,0.333,0.272
3D4,FAUC,20.88,0.333,0.724
3D4,FAUC,21.17,0.167,0.272
3D4,FAUC,21.38,0.167,0.272
3D4,FAUC,21.43,0.167,0.272
3D4,FAUC,21.49,0.167,0.272
3D4,FAUC,21.98,0.167,0.272
3D4,FAUC,22.07,0.167,0.317
3D4,FAUC,22.20,0.167,0.317
3D4,FAUC,22.21,0.167,0.317
3D4,FAUC,22.23,0.167,0.272
3D4,FAUC,22.33,0.167,0.272
3D4,FAUC,22.64,0.167,0.272
3D4,FAUC,22.76,0.167,0.317
3D4,FAUC,22.76,0.167,0.272
3D4,FAUC,22.79,0.167,0.362
3D4,FAUC,23.09,0.167,0.272
3D4,FAUC,23.65,0.167,0.272
3D4,FAUC,23.65,0.167,0.317
3D4,FAUC,23.67,0.167,0.272
3D4,FAUC,23.69,0.167,0.272
3D4,FAUC,23.87,0.167,0.272
3D4,SHWR,8.15,11.500,1.342
3D5,BATH,6.87,2.667,4.174
3D5,DWSH,0.98,1.833,0.870
3D5,DWSH,1.14,1.667,0.901
3D5,DWSH,1.97,0.500,0.933
3D5,DWSH,2.00,1.500,0.958
3D5,FAUC,0.87,0.167,0.541
3D5,FAUC,2.00,0.167,0.246
3D5,FAUC,4.68,0.500,1.050
3D5,FAUC,4.69,0.333,0.394
3D5,FAUC,4.71,0.333,1.009
3D5,FAUC,4.72,0.333,0.615
3D5,FAUC,4.73,0.167,0.590
3D5,FAUC,6.59,0.333,0.713
3D5,FAUC,6.86,0.167,0.443
3D5,FAUC,6.89,0.333,1.968
3D5,FAUC,6.93,8.833,0.520
3D5,FAUC,7.14,0.167,0.344
3D5,FAUC,7.18,0.167,0.246
3D5,FAUC,7.19,0.333,0.664
3D5,FAUC,7.21,0.167,0.394
3D5,FAUC,7.24,0.167,1.378
3D5,FAUC,7.27,0.333,0.467
3D5,FAUC,7.31,0.167,0.344
3D5,FAUC,7.35,0.333,0.689
3D5,FAUC,7.37,0.167,0.246
3D5,FAUC,7.51,0.167,0.394
3D5,FAUC,7.52,0.167,0.344
3D5,FAUC,7.54,0.167,0.443
3D5,FAUC,7.55,0.167,0.246
3D5,FAUC,7.60,0.333,0.812
3D5,FAUC,7.61,0.167,0.295
3D5,FAUC,7.67,0.833,0.148
3D5,FAUC,7.70,0.167,0.984
3D5,FAUC,7.71,0.500,1.000
3D5,FAUC,9.01,0.167,0.246
3D5,FAUC,9.29,0.333,0.615
3D5,FAUC,9.42,0.167,0.295
3D5,FAUC,9.47,0.333,0.492
3D5,FAUC,9.52,0.167,1.427
3D5,FAUC,9.53,0.167,0.246
3D5,FAUC,9.67,0.167,0.246
3D5,FAUC,15.42,0.167,0.886
3D5,FAUC,15.47,0.333,0.787
3D5,FAUC,15.55,0.500,0.148
3D5,FAUC,15.56,0.167,0.492
3D5,FAUC,15.56,0.167,0.246
3D5,FAUC,16.45,0.167,0.640
3D5,FAUC,16.47,0.167,0.344
3D5,FAUC,16.50,0.333,0.861
3D5,FAUC,16.51,0.167,0.344
3D5,FAUC,16.51,0.333,0.221
3D5,FAUC,16.52,0.667,0.455
3D5,FAUC,16.54,0.167,0.344
3D5,FAUC,16.56,0.167,0.344
3D5,FAUC,16.57,0.333,0.566
3D5,FAUC,16.59,0.167,0.443
3D5,FAUC,16.59,0.167,0.246
3D5,FAUC,16.60,0.333,0.148
3D5,FAUC,16.62,0.333,0.221
3D5,FAUC,16.67,0.167,2.067
3D5,FAUC,16.70,0.500,1.460
3D5,FAUC,16.76,0.167,0.836
3D5,FAUC,16.78,0.167,0.443
3D5,FAUC,16.84,0.333,1.304
3D5,FAUC,18.79,0.167,0.246
3D5,FAUC,18.79,0.833,0.846
3D5,FAUC,18.90,0.167,0.344
3D5,FAUC,19.93,0.167,0.640
3D5,FAUC,20.91,0.500,0.787
3D5,FAUC,20.93,0.167,0.984
3D5,FAUC,21.01,0.167,0.443
3D5,FAUC,21.04,0.167,0.640
3D5,FAUC,21.06,0.500,0.656
3D5,FAUC,21.08,0.167,1.328
3D5,FAUC,21.09,0.167,0.492
3D5,FAUC,21.09,0.333,0.812
3D5,SHWR,9.01,7.000,0.935
3E1,CWSH,10.80,5.000,1.149
3E1,CWSH,11.09,0.500,0.688
3E1,CWSH,11.11,0.333,1.064
3E1,CWSH,11.16,4.667,1.185
3E1,CWSH,11.35,0.500,0.699
3E1,CWSH,11.37,0.333,0.976
3E1,CWSH,12.08,3.333,1.744
3E1,CWSH,12.36,0.500,0.648
3E1,CWSH,12.41,4.667,1.204
3E1,CWSH,12.57,0.667,0.824
3E1,CWSH,12.60,0.500,0.686
3E1,CWSH,16.82,5.167,1.120
3E1,CWSH,17.12,0.333,0.993
3E1,CWSH,17.13,0.500,0.651
3E1,CWSH,17.19,4.833,1.161
3E1,CWSH,17.38,0.500,0.614
3E1,CWSH,17.39,0.333,0.864
3E1,DWSH,21.39,2.000,0.621
3E1,DWSH,21.52,2.167,0.587
3E1,DWSH,22.05,2.000,0.611
3E1,DWSH,22.15,2.000,0.631
3E1,FAUC,7.69,0.333,1.998
3E1,FAUC,7.89,0.167,0.301
3E1,FAUC,8.20,2.667,1.751
3E1,FAUC,8.80,0.333,1.977
3E1,FAUC,8.80,0.167,0.859
3E1,FAUC,8.84,0.167,0.301
3E1,FAUC,8.88,0.333,2.191
3E1,FAUC,8.89,0.167,0.945
3E1,FAUC,8.93,1.500,0.917
3E1,FAUC,8.96,0.167,0.387
3E1,FAUC,9.77,0.167,0.301
3E1,FAUC,10.08,0.333,0.859
3E1,FAUC,10.66,3.333,0.967
3E1,FAUC,11.25,0.167,0.559
3E1,FAUC,11.27,1.167,1.136
3E1,FAUC,11.51,0.333,0.387
3E1,FAUC,11.61,0.500,0.859
3E1,FAUC,11.92,0.167,0.215
3E1,FAUC,11.93,0.333,1.568
3E1,FAUC,11.95,2.167,0.026
3E1,FAUC,12.04,0.167,0.301
3E1,FAUC,12.62,0.500,1.031
3E1,FAUC,15.27,0.500,0.859
3E1,FAUC,15.35,0.667,1.042
3E1,FAUC,17.55,0.167,0.387
3E1,FAUC,17.60,0.667,0.999
3E1,FAUC,17.74,0.500,0.444
3E1,FAUC,17.79,0.167,0.559
3E1,FAUC,18.20,0.333,0.537
3E1,FAUC,18.22,0.167,0.387
3E1,FAUC,18.25,0.333,0.709
3E1,FAUC,19.11,0.167,0.215
3E1,FAUC,19.11,0.333,1.182
3E1,FAUC,19.59,0.167,0.301
3E1,FAUC,19.68,0.667,1.053
3E1,FAUC,21.05,0.333,0.559
3E1,FAUC,21.30,0.833,0.713
3E1,FAUC,21.32,3.333,1.018
3E1,FAUC,21.57,0.167,0.473
3E1,FAUC,21.65,0.333,0.709
3E1,SHWR,9.60,7.667,1.492
3E1,SHWR,9.81,7.833,1.492
3E1,SHWR,21.15,8.833,1.257
3E2,BATH,12.31,2.667,4.787
3E2,FAUC,2.71,0.167,0.272
3E2,FAUC,3.75,0.167,0.272
3E2,FAUC,4.81,0.167,0.272
3E2,FAUC,4.87,0.333,1.970
3E2,FAUC,5.39,0.167,0.272
3E2,FAUC,6.55,0.167,0.272
3E2,FAUC,6.67,0.167,0.226
3E2,FAUC,6.90,0.167,0.272
3E2,FAUC,7.20,0.167,0.272
3E2,FAUC,7.43,0.167,0.272
3E2,FAUC,7.56,1.167,0.602
3E2,FAUC,8.13,0.167,0.226
3E2,FAUC,8.13,0.167,0.272
3E2,FAUC,8.19,6.500,0.620
3E2,FAUC,8.36,0.500,1.222
3E2,FAUC,9.49,0.667,0.589
3E2,FAUC,9.53,1.333,1.002
3E2,FAUC,9.71,0.333,0.498
3E2,FAUC,10.07,0.500,0.453
3E2,FAUC,10.77,0.833,0.507
3E2,FAUC,10.79,0.167,0.906
3E2,FAUC,10.80,0.667,0.589
3E2,FAUC,10.82,8.000,0.566
3E2,FAUC,11.01,0.167,0.498
3E2,FAUC,11.05,0.167,0.543
3E2,FAUC,11.09,0.167,0.272
3E2,FAUC,11.13,0.667,0.736
3E2,FAUC,11.22,0.833,0.362
3E2,FAUC,11.32,0.167,0.272
3E2,FAUC,11.88,0.333,0.430
3E2,FAUC,11.89,0.167,0.407
3E2,FAUC,12.09,1.000,1.147
3E2,FAUC,12.23,0.500,1.313
3E2,FAUC,12.24,0.333,1.064
3E2,FAUC,12.44,0.833,1.358
3E2,FAUC,12.48,0.333,1.041
3E2,FAUC,12.49,0.167,0.407
3E2,FAUC,12.63,1.667,1.164
3E2,FAUC,13.13,0.167,0.543
3E2,FAUC,13.34,3.167,1.158
3E2,FAUC,13.40,1.167,0.802
3E2,FAUC,13.95,0.167,0.272
3E2,FAUC,14.33,0.167,0.272
3E2,FAUC,14.39,0.167,0.362
3E2,FAUC,14.53,0.167,0.272
3E2,FAUC,14.99,1.000,1.019
3E2,FAUC,15.01,0.167,0.543
3E2,FAUC,15.08,0.500,0.996
3E2,FAUC,15.29,0.167,0.272
3E2,FAUC,15.41,0.167,0.634
3E2,FAUC,15.77,0.167,0.226
3E2,FAUC,16.27,0.167,0.272
3E2,FAUC,21.39,0.333,0.385
3E2,FAUC,21.49,0.833,0.507
3E2,FAUC,21.81,0.167,0.362
3E2,FAUC,21.83,2.500,0.414
3E2,FAUC,21.88,0.500,1.434
3E2,FAUC,23.34,0.167,0.272
3E2,FAUC,23.35,1.333,0.447
3E2,FAUC,23.39,0.167,0.498
3E2,SHWR,12.85,7.667,1.515
3H1,CWSH,10.49,4.500,1.366
3H1,CWSH,10.87,4.167,1.392
3H1,CWSH,11.04,0.333,1.079
3H1,CWSH,11.05,0.333,1.036
3H1,CWSH,12.64,2.167,2.446
3H1,CWSH,12.78,2.167,2.716
3H1,CWSH,12.91,0.500,1.502
3H1,CWSH,12.92,0.500,1.431
3H1,CWSH,13.04,4.500,1.366
3H1,CWSH,13.41,4.167,1.382
3H1,CWSH,13.58,0.333,1.151
3H1,CWSH,13.59,0.333,1.080
3H1,DWSH,10.09,1.000,0.889
3H1,DWSH,10.16,0.833,1.009
3H1,DWSH,10.23,1.000,0.871
3H1,DWSH,10.90,0.833,0.882
3H1,DWSH,10.96,0.833,1.009
3H1,DWSH,11.03,1.000,0.823
3H1,FAUC,7.64,0.500,0.558
3H1,FAUC,7.65,1.000,1.170
3H1,FAUC,7.69,0.167,0.407
3H1,FAUC,7.71,0.167,0.407
3H1,FAUC,7.75,0.167,0.362
3H1,FAUC,7.76,0.167,0.226
3H1,FAUC,7.79,0.167,0.498
3H1,FAUC,7.83,0.167,0.226
3H1,FAUC,7.87,0.167,0.543
3H1,FAUC,7.95,0.167,0.906
3H1,FAUC,7.95,0.167,0.226
3H1,FAUC,7.97,0.167,0.272
3H1,FAUC,8.04,0.500,2.098
3H1,FAUC,8.51,0.167,0.906
3H1,FAUC,8.73,0.167,0.226
3H1,FAUC,8.79,0.167,1.041
3H1,FAUC,8.88,0.167,0.362
3H1,FAUC,9.02,0.333,0.136
3H1,FAUC,9.25,0.333,0.340
3H1,FAUC,9.45,0.167,0.226
3H1,FAUC,9.71,0.167,0.362
3H1,FAUC,9.96,2.167,1.303
3H1,FAUC,10.00,1.833,1.280
3H1,FAUC,10.02,0.500,0.785
3H1,FAUC,10.03,0.500,1.192
3H1,FAUC,11.21,0.500,0.634
3H1,FAUC,11.30,0.500,0.860
3H1,FAUC,11.77,0.833,1.087
3H1,FAUC,11.79,0.833,0.969
3H1,FAUC,11.80,1.500,0.035
3H1,FAUC,11.83,0.833,1.014
3H1,FAUC,11.84,2.167,0.031
3H1,FAUC,11.88,0.167,0.498
3H1,FAUC,11.93,0.833,1.123
3H1,FAUC,11.96,1.000,1.087
3H1,FAUC,11.98,0.167,0.226
3H1,FAUC,11.98,0.167,1.313
3H1,FAUC,11.99,0.167,0.226
3H1,FAUC,12.02,0.167,0.226
3H1,FAUC,12.05,1.333,1.205
3H1,FAUC,12.10,0.167,0.272
3H1,FAUC,12.12,0.167,0.498
3H1,FAUC,12.41,0.833,1.023
3H1,FAUC,12.45,0.333,0.951
3H1,FAUC,12.67,0.667,1.687
3H1,FAUC,13.47,0.500,1.011
3H1,FAUC,13.74,0.333,0.634
3H1,FAUC,17.04,0.167,0.226
3H1,FAUC,19.50,0.333,0.634
3H1,FAUC,21.13,0.333,0.272
3H1,FAUC,21.60,0.167,0.226
3H1,FAUC,21.60,0.833,0.254
3H1,SHWR,10.30,7.167,1.167
3H1,SHWR,19.54,12.833,1.264
4D1,BATH,8.02,1.833,7.342
4D1,DWSH,9.07,1.167,1.035
4D1,DWSH,9.16,1.167,0.970
4D1,DWSH,9.53,0.667,1.071
4D1,DWSH,9.59,1.000,1.005
4D1,DWSH,9.66,1.000,0.942
4D1,FAUC,7.67,0.167,0.576
4D1,FAUC,7.67,0.167,0.403
4D1,FAUC,8.02,2.167,1.099
4D1,FAUC,8.06,0.167,0.749
4D1,FAUC,8.10,2.833,1.369
4D1,FAUC,8.24,0.333,0.778
4D1,FAUC,9.06,0.333,0.864
4D1,FAUC,9.06,0.667,1.238
4D1,FAUC,9.07,1.000,0.490
4D1,FAUC,9.25,0.833,0.657
4D1,FAUC,9.26,0.167,1.901
4D1,FAUC,10.16,0.167,0.403
4D1,FAUC,12.20,0.333,0.576
4D1,FAUC,17.11,0.333,0.576
4D1,FAUC,17.13,0.667,1.440
4D1,FAUC,17.65,0.333,1.066
4D1,FAUC,17.68,0.333,1.814
4D1,FAUC,17.70,0.167,0.403
4D1,FAUC,17.72,0.167,0.634
4D1,FAUC,17.72,0.167,1.325
4D1,FAUC,17.74,0.167,0.403
4D1,FAUC,17.77,0.167,0.461
4D1,FAUC,17.78,0.500,1.536
4D1,FAUC,17.93,0.167,0.576
4D1,FAUC,17.96,0.333,0.864
4D1,FAUC,18.09,0.167,0.403
4D1,FAUC,18.13,0.500,2.554
4D1,FAUC,18.30,0.167,1.382
4D1,FAUC,18.30,0.167,0.403
4D1,FAUC,18.57,0.167,0.806
4D1,FAUC,18.58,0.500,1.075
4D1,FAUC,18.59,0.333,0.317
4D1,FAUC,18.60,0.500,2.035
4D1,FAUC,18.64,0.167,2.131
4D1,FAUC,18.65,0.500,1.152
4D1,FAUC,18.66,0.167,0.749
4D1,FAUC,18.67,0.667,1.426
4D1,FAUC,18.68,0.167,1.152
4D1,FAUC,18.69,0.333,1.440
4D1,FAUC,18.70,0.167,0.403
4D1,FAUC,18.71,0.167,0.403
4D1,FAUC,20.38,0.167,0.403
4D1,FAUC,23.30,0.167,0.403
4D1,FAUC,23.31,1.333,1.318
4D1,FAUC,23.37,0.167,0.403
4D1,FAUC,23.39,0.667,0.576
4D1,SHWR,7.79,10.500,1.262
4D1,SHWR,9.89,12.667,1.521
4D1,SHWR,19.57,8.833,1.568
4D1,SHWR,20.10,12.833,1.570
4D2,CWSH,7.54,4.000,1.458
4D2,CWSH,7.96,4.000,1.426
4D2,CWSH,8.12,0.333,1.343
4D2,CWSH,8.13,0.333,1.992
4D2,CWSH,19.11,4.333,1.352
4D2,CWSH,19.53,4.000,1.478
4D2,CWSH,19.69,0.500,0.918
4D2,CWSH,19.70,0.500,0.847
4D2,FAUC,5.84,0.333,0.724
4D2,FAUC,7.05,0.333,0.951
4D2,FAUC,7.33,0.667,0.600
4D2,FAUC,9.43,0.167,0.272
4D2,FAUC,9.84,0.833,0.290
4D2,FAUC,10.62,0.167,0.272
4D2,FAUC,10.63,0.500,1.177
4D2,FAUC,10.64,0.333,0.430
4D2,FAUC,10.92,0.333,0.724
4D2,FAUC,10.93,0.500,0.679
4D2,FAUC,10.96,0.333,1.177
4D2,FAUC,11.08,0.500,0.483
4D2,FAUC,11.10,0.333,0.589
4D2,FAUC,11.61,0.167,0.407
4D2,FAUC,11.62,0.167,0.589
4D2,FAUC,11.64,0.167,0.679
4D2,FAUC,11.66,0.333,0.430
4D2,FAUC,11.97,0.333,0.294
4D2,FAUC,11.98,0.167,0.589
4D2,FAUC,11.99,0.333,0.294
4D2,FAUC,12.18,0.167,0.317
4D2,FAUC,12.36,0.333,0.430
4D2,FAUC,12.37,0.167,0.860
4D2,FAUC,12.97,0.167,0.679
4D2,FAUC,12.98,0.333,0.294
4D2,FAUC,13.18,0.167,0.589
4D2,FAUC,15.09,0.167,0.589
4D2,FAUC,15.10,0.167,0.589
4D2,FAUC,15.10,0.167,0.860
4D2,FAUC,15.83,0.667,1.053
4D2,FAUC,15.97,0.667,1.030
4D2,FAUC,16.07,1.500,0.825
4D2,FAUC,16.13,0.667,0.509
4D2,FAUC,17.26,0.833,1.331
4D2,FAUC,17.29,0.333,0.724
4D2,FAUC,17.35,3.500,2.221
4D2,FAUC,18.17,0.333,0.724
4D2,FAUC,18.39,0.667,1.030
4D2,FAUC,18.45,1.667,1.136
4D2,FAUC,19.27,0.500,0.664
4D2,FAUC,19.29,0.667,0.713
4D2,FAUC,19.53,3.667,1.033
4D2,FAUC,19.81,0.333,1.019
4D2,FAUC,19.90,0.167,0.589
4D2,FAUC,19.92,0.333,0.430
4D2,FAUC,19.96,0.167,0.589
4D2,FAUC,20.00,0.500,0.785
4D2,FAUC,20.01,0.833,0.706
4D2,FAUC,23.05,0.167,0.272
4D2,FAUC,23.39,0.333,0.294
4D2,SHWR,5.63,8.167,1.081
4D2,SHWR,21.58,15.500,1.195
4D3,BATH,9.16,2.333,3.790
4D3,DWSH,19.94,2.000,0.819
4D3,DWSH,20.00,0.167,0.945
4D3,DWSH,20.58,1.833,0.868
4D3,DWSH,20.81,2.000,0.807
4D3,FAUC,0.00,0.167,0.906
4D3,FAUC,0.05,1.000,0.936
4D3,FAUC,0.27,0.333,0.883
4D3,FAUC,0.28,0.500,0.694
4D3,FAUC,0.44,1.833,1.000
4D3,FAUC,0.48,2.000,0.464
4D3,FAUC,7.37,2.167,0.787
4D3,FAUC,7.42,0.333,0.272
4D3,FAUC,9.04,3.500,0.752
4D3,FAUC,9.50,0.167,0.589
4D3,FAUC,9.77,0.167,0.589
4D3,FAUC,9.83,0.500,0.604
4D3,FAUC,10.04,1.167,0.931
4D3,FAUC,10.09,0.333,0.453
4D3,FAUC,10.12,4.000,0.726
4D3,FAUC,10.37,0.167,0.906
4D3,FAUC,10.50,0.833,1.422
4D3,FAUC,10.72,0.333,0.294
4D3,FAUC,11.96,0.167,0.272
4D3,FAUC,15.49,1.333,0.441
4D3,FAUC,17.10,0.333,0.589
4D3,FAUC,18.18,2.833,2.053
4D3,FAUC,19.25,0.500,0.589
4D3,FAUC,19.33,0.833,0.887
4D3,FAUC,19.61,0.167,0.543
4D3,FAUC,19.62,1.167,0.847
4D3,FAUC,19.77,1.167,0.763
4D3,FAUC,19.79,1.500,1.217
4D3,FAUC,19.82,0.500,0.890
4D3,FAUC,19.83,0.167,0.906
4D3,FAUC,19.85,1.167,0.718
4D3,FAUC,19.88,0.667,0.962
4D3,FAUC,19.90,0.333,0.453
4D3,FAUC,20.19,1.833,0.864
4D3,FAUC,20.23,0.167,0.589
4D3,FAUC,20.66,1.000,0.543
4D3,FAUC,21.32,0.167,0.272
4D3,FAUC,21.40,0.333,0.883
4D3,FAUC,21.42,0.167,0.906
4D3,FAUC,21.44,3.833,0.848
4D3,FAUC,22.13,0.167,0.589
4D3,FAUC,22.29,1.000,0.528
4D3,FAUC,22.33,0.333,0.589
4D3,SHWR,7.33,6.833,1.572
4D3,SHWR,16.74,17.500,1.372
4D3,SHWR,16.96,4.333,1.389
4D4,CWSH,21.20,9.333,0.596
4D4,CWSH,21.56,2.833,1.230
4D4,CWSH,21.62,0.500,0.586
4D4,CWSH,21.75,3.000,1.104
4D4,FAUC,5.08,0.500,1.017
4D4,FAUC,6.92,0.333,0.401
4D4,FAUC,7.27,0.333,0.749
4D4,FAUC,7.29,0.333,0.803
4D4,FAUC,7.30,0.833,0.771
4D4,FAUC,7.38,0.167,1.231
4D4,FAUC,7.45,0.667,0.401
4D4,FAUC,7.47,0.667,0.897
4D4,FAUC,7.77,0.333,0.187
4D4,FAUC,7.81,0.333,1.526
4D4,FAUC,8.09,3.500,1.152
4D4,FAUC,8.14,1.167,0.054
4D4,FAUC,8.16,2.167,1.207
4D4,FAUC,8.21,0.167,1.178
4D4,FAUC,8.22,0.833,0.567
4D4,FAUC,8.24,0.500,0.642
4D4,FAUC,8.26,1.333,1.071
4D4,FAUC,8.32,0.833,0.428
4D4,FAUC,8.34,0.167,0.910
4D4,FAUC,10.74,1.000,0.054
4D4,FAUC,15.82,0.167,0.696
4D4,FAUC,15.82,0.167,0.321
4D4,FAUC,15.84,0.500,0.839
4D4,FAUC,15.89,0.333,0.856
4D4,FAUC,17.58,0.167,0.321
4D4,FAUC,17.87,1.500,1.201
4D4,FAUC,18.00,0.167,0.428
4D4,FAUC,22.25,0.500,1.071
4D5,CWSH,6.77,5.333,2.372
4D5,CWSH,7.02,5.167,0.543
4D5,CWSH,7.17,0.500,0.257
4D5,CWSH,7.19,0.500,0.275
4D5,CWSH,7.87,9.167,0.532
4D5,CWSH,8.39,8.833,0.499
4D5,CWSH,8.54,6.167,0.022
4D5,CWSH,8.64,6.000,0.025
4D5,CWSH,9.73,9.333,0.668
4D5,CWSH,10.22,9.167,0.661
4D5,CWSH,10.47,0.333,0.492
4D5,CWSH,10.48,0.333,0.567
4D5,FAUC,4.86,1.333,1.210
4D5,FAUC,5.03,2.000,1.224
4D5,FAUC,6.09,5.667,0.627
4D5,FAUC,6.21,1.000,1.786
4D5,FAUC,6.26,4.500,0.986
4D5,FAUC,6.34,7.667,0.609
4D5,FAUC,6.54,2.500,0.591
4D5,FAUC,6.63,1.167,1.061
4D5,FAUC,6.94,0.500,1.306
4D5,FAUC,7.59,0.167,0.576
4D5,FAUC,7.73,0.167,0.403
4D5,FAUC,7.78,0.167,0.806
4D5,FAUC,10.80,0.167,1.498
4D5,FAUC,12.30,0.333,1.987
4D5,FAUC,21.73,0.333,1.008
4D5,FAUC,22.11,0.333,0.403
4D5,FAUC,22.34,0.167,0.403
4D5,SHWR,6.76,6.167,1.847
4D5,SHWR,13.24,6.833,1.469
4E1,CWSH,18.79,4.500,0.946
4E1,CWSH,19.07,3.167,1.104
4E1,CWSH,19.20,0.500,0.469
4E1,CWSH,19.21,0.333,0.798
4E1,CWSH,19.27,4.333,0.899
4E1,CWSH,19.43,2.333,0.213
4E1,CWSH,19.94,4.500,1.049
4E1,CWSH,20.19,2.000,1.056
4E1,CWSH,20.30,0.500,0.693
4E1,CWSH,20.31,0.500,0.660
4E1,CWSH,20.37,4.333,1.045
4E1,CWSH,20.55,0.333,0.924
4E1,CWSH,20.56,0.333,0.908
4E1,FAUC,0.35,0.500,0.332
4E1,FAUC,0.37,0.333,0.317
4E1,FAUC,0.73,0.333,0.702
4E1,FAUC,3.23,0.500,0.740
4E1,FAUC,3.35,0.333,0.657
4E1,FAUC,6.07,0.167,0.272
4E1,FAUC,6.87,0.167,0.272
4E1,FAUC,7.50,0.167,0.272
4E1,FAUC,8.01,0.833,1.186
4E1,FAUC,8.07,1.667,0.353
4E1,FAUC,8.13,0.667,1.041
4E1,FAUC,8.15,1.833,0.761
4E1,FAUC,9.35,0.833,0.896
4E1,FAUC,9.39,0.500,0.800
4E1,FAUC,9.45,0.667,1.030
4E1,FAUC,9.46,2.333,1.070
4E1,FAUC,9.49,0.500,1.645
4E1,FAUC,9.53,0.500,0.241
4E1,FAUC,9.54,0.333,0.204
4E1,FAUC,9.79,0.167,0.272
4E1,FAUC,9.86,0.167,0.770
4E1,FAUC,9.98,1.000,0.792
4E1,FAUC,10.00,0.167,0.634
4E1,FAUC,10.08,4.000,0.966
4E1,FAUC,10.23,0.167,0.272
4E1,FAUC,10.25,0.167,0.498
4E1,FAUC,10.32,0.333,0.294
4E1,FAUC,10.35,0.167,0.860
4E1,FAUC,10.52,0.167,0.724
4E1,FAUC,10.55,0.167,0.543
4E1,FAUC,10.56,0.167,0.634
4E1,FAUC,10.60,0.500,0.332
4E1,FAUC,10.63,0.167,0.272
4E1,FAUC,10.71,1.500,0.473
4E1,FAUC,10.74,0.833,0.480
4E1,FAUC,10.76,0.167,0.543
4E1,FAUC,10.76,0.333,0.385
4E1,FAUC,10.78,0.667,0.724
4E1,FAUC,10.80,0.167,0.272
4E1,FAUC,10.97,0.167,0.453
4E1,FAUC,12.88,0.167,0.860
4E1,FAUC,13.78,1.500,0.805
4E1,FAUC,16.20,0.167,0.407
4E1,FAUC,16.58,0.500,1.132
4E1,FAUC,16.86,0.167,0.272
4E1,FAUC,17.10,0.167,0.272
4E1,FAUC,17.58,0.167,0.407
4E1,FAUC,17.72,0.167,0.498
4E1,FAUC,17.81,0.167,0.453
4E1,FAUC,17.85,0.333,0.951
4E1,FAUC,18.90,0.167,0.453
4E1,FAUC,19.12,2.167,0.965
4E1,FAUC,19.18,0.500,0.981
4E1,FAUC,19.20,1.833,1.058
4E1,FAUC,19.74,0.333,0.294
4E1,FAUC,19.79,0.167,0.272
4E1,FAUC,19.82,0.667,0.679
4E1,FAUC,21.15,0.833,0.878
4E1,FAUC,21.65,0.167,0.770
4E1,FAUC,21.75,0.167,0.272
4E1,FAUC,22.43,0.333,0.951
4E1,SHWR,2.97,9.333,1.208
4E1,SHWR,8.75,3.500,1.426
4E1,SHWR,9.55,7.667,1.259
4E1,SHWR,19.27,26.667,1.348
4E2,BATH,12.44,2.167,3.534
4E2,BATH,12.60,0.833,3.886
4E2,CWSH,10.14,5.000,0.861
4E2,CWSH,10.52,0.167,0.319
4E2,CWSH,10.53,0.167,0.564
4E2,CWSH,10.58,4.833,0.827
4E2,CWSH,10.76,0.167,0.319
4E2,CWSH,10.77,0.333,0.282
4E2,CWSH,10.86,4.667,0.868
4E2,DWSH,21.83,1.833,1.336
4E2,DWSH,22.06,1.833,1.392
4E2,FAUC,1.16,0.167,0.272
4E2,FAUC,1.22,1.167,0.640
4E2,FAUC,1.25,1.333,0.560
4E2,FAUC,8.54,1.000,0.792
4E2,FAUC,8.57,0.500,0.890
4E2,FAUC,8.58,0.667,1.189
4E2,FAUC,8.60,0.500,0.785
4E2,FAUC,8.61,0.167,0.589
4E2,FAUC,9.02,1.667,1.127
4E2,FAUC,9.10,0.500,0.785
4E2,FAUC,9.11,0.500,0.287
4E2,FAUC,9.25,0.167,0.906
4E2,FAUC,9.33,2.000,0.939
4E2,FAUC,9.36,3.000,0.888
4E2,FAUC,9.42,0.833,1.005
4E2,FAUC,9.52,0.333,0.294
4E2,FAUC,9.79,0.500,0.890
4E2,FAUC,9.99,3.167,1.168
4E2,FAUC,10.81,0.333,0.883
4E2,FAUC,10.82,0.667,0.781
4E2,FAUC,11.11,0.333,0.747
4E2,FAUC,11.29,1.167,0.724
4E2,FAUC,11.30,0.500,0.679
4E2,FAUC,11.32,0.333,0.747
4E2,FAUC,11.64,0.333,0.294
4E2,FAUC,11.71,0.167,0.272
4E2,FAUC,12.10,0.500,0.392
4E2,FAUC,12.46,0.500,0.604
4E2,FAUC,12.48,0.333,0.747
4E2,FAUC,12.48,1.000,0.596
4E2,FAUC,12.56,0.167,0.906
4E2,FAUC,12.63,0.833,0.417
4E2,FAUC,12.66,0.333,0.453
4E2,FAUC,19.16,0.167,1.494
4E2,FAUC,20.51,1.000,0.649
4E2,FAUC,21.08,0.833,1.123
4E2,FAUC,21.10,0.167,0.589
4E2,FAUC,21.12,0.167,0.272
4E2,FAUC,21.15,0.667,0.747
4E2,FAUC,21.17,1.333,1.721
4E2,FAUC,21.18,0.833,0.389
4E2,FAUC,21.20,1.667,0.946
4E2,FAUC,22.09,0.167,0.226
4E2,FAUC,22.54,0.167,0.589
4E2,FAUC,23.18,0.333,0.294
4E2,FAUC,23.93,2.833,1.071
4E2,SHWR,12.23,6.667,1.572
4H1,CWSH,8.08,2.000,1.031
4H1,CWSH,8.12,1.500,0.621
4H1,CWSH,8.15,0.333,1.039
4H1,CWSH,8.17,0.333,1.131
4H1,CWSH,8.19,0.167,1.131
4H1,CWSH,8.40,0.333,0.519
4H1,CWSH,8.41,3.167,0.939
4H1,CWSH,8.54,0.167,0.672
4H1,CWSH,8.55,2.667,0.995
4H1,CWSH,8.68,3.000,0.944
4H1,FAUC,4.01,0.167,0.272
4H1,FAUC,4.16,0.167,0.272
4H1,FAUC,5.07,0.167,0.317
4H1,FAUC,5.95,0.167,0.272
4H1,FAUC,7.98,0.333,0.272
4H1,FAUC,8.27,0.167,0.362
4H1,FAUC,8.27,0.333,0.272
4H1,FAUC,8.31,0.167,0.543
4H1,FAUC,8.49,0.167,0.272
4H1,FAUC,8.52,0.167,0.272
4H1,FAUC,9.00,0.167,0.272
4H1,FAUC,9.01,0.167,0.272
4H1,FAUC,9.18,0.167,0.272
4H1,FAUC,9.19,0.167,0.272
4H1,FAUC,9.35,0.167,0.272
4H1,FAUC,9.54,2.833,0.546
4H1,FAUC,9.69,2.333,1.022
4H1,FAUC,9.73,2.333,0.087
4H1,FAUC,9.84,1.833,0.720
4H1,FAUC,9.87,0.167,0.407
4H1,FAUC,9.91,0.333,0.362
4H1,FAUC,9.98,0.333,0.362
4H1,FAUC,10.29,0.333,0.362
4H1,FAUC,10.35,0.333,0.362
4H1,FAUC,10.36,0.333,0.362
4H1,FAUC,10.37,0.333,0.362
4H1,FAUC,11.54,0.167,0.317
4H1,FAUC,12.18,0.167,0.272
4H1,FAUC,12.65,0.167,0.272
4H1,FAUC,13.45,0.167,0.906
4H1,FAUC,13.77,0.167,0.272
4H1,FAUC,13.80,0.833,0.951
4H1,FAUC,13.96,0.167,0.272
4H1,FAUC,13.98,0.500,0.574
4H1,FAUC,14.01,0.167,0.272
4H1,FAUC,14.11,0.333,0.498
4H1,FAUC,14.16,0.167,0.272
4H1,FAUC,14.18,0.167,0.272
4H1,FAUC,14.23,0.167,0.272
4H1,FAUC,14.24,0.167,0.272
4H1,FAUC,14.25,0.333,0.272
4H1,FAUC,14.25,0.167,0.272
4H1,FAUC,14.28,0.333,0.362
4H1,FAUC,14.41,0.167,0.272
4H1,FAUC,14.43,0.167,0.272
4H1,FAUC,14.48,0.167,0.272
4H1,FAUC,14.54,0.167,0.272
4H1,FAUC,14.55,0.167,0.272
4H1,FAUC,14.59,0.167,0.272
4H1,FAUC,14.63,0.167,0.407
4H1,FAUC,14.65,0.167,0.272
4H1,FAUC,14.73,0.167,0.272
4H1,FAUC,14.76,0.167,0.272
4H1,FAUC,14.90,0.333,0.272
4H1,FAUC,15.06,0.167,0.272
4H1,FAUC,15.17,0.167,0.272
4H1,FAUC,15.33,0.167,0.272
4H1,FAUC,15.41,0.167,0.272
4H1,FAUC,15.49,0.333,0.838
4H1,FAUC,15.95,1.500,0.543
4H1,FAUC,16.06,0.333,0.770
4H1,FAUC,16.08,0.333,0.724
4H1,FAUC,16.10,0.167,0.272
4H1,FAUC,17.78,0.167,0.317
4H1,FAUC,18.08,1.000,0.702
4H1,FAUC,18.26,0.167,0.453
4H1,FAUC,18.37,0.333,0.724
4H1,FAUC,18.41,0.333,0.362
4H1,FAUC,18.42,0.167,0.543
4H1,FAUC,18.43,0.167,0.362
4H1,FAUC,18.45,0.167,0.407
4H1,FAUC,18.54,0.167,0.272
4H1,FAUC,18.56,0.500,0.634
4H1,FAUC,18.57,0.167,0.543
4H1,FAUC,18.58,0.167,0.272
4H1,FAUC,18.68,0.167,0.317
4H1,FAUC,18.75,0.167,0.407
4H1,FAUC,18.82,0.167,0.272
4H1,FAUC,18.87,0.500,0.800
4H1,FAUC,18.98,0.333,0.770
4H1,FAUC,19.00,0.167,0.543
4H1,FAUC,19.00,0.500,0.423
4H1,FAUC,19.02,0.333,0.498
4H1,FAUC,19.03,0.333,0.498
4H1,FAUC,19.05,0.167,0.272
4H1,FAUC,19.12,0.333,0.657
4H1,FAUC,19.14,0.167,0.498
4H1,FAUC,19.15,0.500,0.513
4H1,FAUC,19.16,0.167,0.407
4H1,FAUC,19.17,1.500,0.654
4H1,FAUC,19.20,0.333,0.498
4H1,FAUC,19.21,2.000,0.502
4H1,FAUC,19.22,0.167,0.860
4H1,FAUC,19.27,0.333,0.430
4H1,FAUC,19.29,0.333,0.702
4H1,FAUC,19.30,0.167,1.132
4H1,FAUC,19.34,0.167,0.272
4H1,FAUC,20.82,0.167,0.272
4H1,FAUC,20.83,0.167,0.272
4H1,FAUC,20.90,0.167,0.362
4H1,FAUC,20.92,1.167,0.498
4H1,FAUC,20.97,0.333,0.430
4H1,FAUC,22.02,0.167,0.272
4H1,FAUC,22.76,0.167,0.272
4H1,SHWR,7.66,12.833,1.572
4H1,SHWR,19.71,7.500,1.572
5D1,CWSH,8.90,3.500,1.326
5D1,CWSH,9.26,2.000,1.578
5D1,CWSH,9.30,0.667,1.162
5D1,CWSH,9.41,0.500,1.288
5D1,CWSH,9.43,2.167,1.586
5D1,CWSH,10.79,1.833,1.044
5D1,CWSH,10.82,1.000,1.334
5D1,CWSH,10.84,0.333,1.292
5D1,CWSH,10.89,0.333,0.944
5D1,CWSH,11.14,2.333,1.466
5D1,CWSH,11.20,2.833,0.348
5D1,CWSH,11.31,0.500,1.226
5D1,CWSH,11.32,3.000,1.212
5D1,DWSH,22.36,1.833,0.620
5D1,DWSH,22.49,2.167,0.587
5D1,DWSH,23.06,2.167,0.595
5D1,DWSH,23.33,2.167,0.601
5D1,FAUC,1.15,0.167,0.864
5D1,FAUC,2.02,0.167,0.634
5D1,FAUC,3.14,0.167,0.346
5D1,FAUC,3.16,0.167,0.288
5D1,FAUC,3.40,0.167,0.346
5D1,FAUC,4.87,0.167,0.288
5D1,FAUC,5.25,0.167,0.518
5D1,FAUC,6.72,0.167,0.634
5D1,FAUC,6.73,0.167,0.576
5D1,FAUC,6.79,0.167,0.979
5D1,FAUC,6.82,0.667,0.878
5D1,FAUC,7.00,0.167,0.518
5D1,FAUC,7.02,0.833,1.578
5D1,FAUC,7.23,0.333,0.490
5D1,FAUC,7.29,2.333,1.205
5D1,FAUC,7.37,0.667,1.368
5D1,FAUC,7.40,0.167,0.634
5D1,FAUC,7.40,0.167,0.346
5D1,FAUC,7.41,0.333,1.354
5D1,FAUC,7.46,0.167,0.461
5D1,FAUC,7.47,0.167,0.346
5D1,FAUC,7.56,0.167,0.518
5D1,FAUC,7.59,0.167,0.518
5D1,FAUC,7.59,0.167,0.403
5D1,FAUC,7.61,0.167,0.403
5D1,FAUC,7.62,0.333,0.461
5D1,FAUC,7.64,0.167,0.691
5D1,FAUC,7.72,0.167,0.864
5D1,FAUC,7.78,0.333,0.374
5D1,FAUC,7.92,1.167,1.177
5D1,FAUC,7.94,0.833,1.152
5D1,FAUC,8.04,0.167,0.691
5D1,FAUC,8.05,0.333,0.950
5D1,FAUC,8.21,0.333,0.778
5D1,FAUC,8.25,0.167,0.403
5D1,FAUC,8.27,0.500,1.421
5D1,FAUC,8.35,1.000,0.470
5D1,FAUC,8.37,0.167,0.403
5D1,FAUC,8.57,0.167,0.461
5D1,FAUC,8.62,0.167,0.346
5D1,FAUC,8.86,0.333,0.864
5D1,FAUC,8.88,0.167,0.403
5D1,FAUC,10.04,0.167,0.403
5D1,FAUC,10.11,0.167,0.288
5D1,FAUC,10.13,0.167,0.346
5D1,FAUC,10.18,0.167,0.403
5D1,FAUC,10.19,0.167,0.461
5D1,FAUC,10.20,0.167,0.346
5D1,FAUC,10.21,0.167,0.346
5D1,FAUC,10.44,0.167,0.461
5D1,FAUC,12.67,1.000,1.162
5D1,FAUC,12.99,0.333,1.181
5D1,FAUC,13.01,0.833,1.555
5D1,FAUC,13.07,0.167,0.403
5D1,FAUC,13.16,0.167,0.346
5D1,FAUC,13.17,0.167,0.403
5D1,FAUC,13.21,0.167,0.346
5D1,FAUC,13.23,0.167,0.576
5D1,FAUC,13.25,0.167,0.403
5D1,FAUC,13.33,0.667,0.994
5D1,FAUC,13.51,0.333,0.922
5D1,FAUC,13.69,0.167,0.346
5D1,FAUC,13.74,0.167,0.518
5D1,FAUC,13.97,1.000,1.200
5D1,FAUC,14.52,0.500,1.344
5D1,FAUC,14.90,0.167,0.346
5D1,FAUC,16.57,0.167,1.613
5D1,FAUC,16.64,0.167,0.749
5D1,FAUC,16.83,0.167,0.346
5D1,FAUC,16.83,0.167,0.461
5D1,FAUC,16.95,0.167,0.403
5D1,FAUC,17.04,0.167,0.346
5D1,FAUC,17.06,0.167,0.346
5D1,FAUC,17.08,0.167,0.403
5D1,FAUC,17.08,0.167,0.346
5D1,FAUC,17.09,0.167,0.691
5D1,FAUC,17.10,0.333,0.374
5D1,FAUC,17.41,0.167,0.576
5D1,FAUC,17.42,0.167,0.461
5D1,FAUC,17.47,0.167,0.403
5D1,FAUC,17.49,0.500,0.557
5D1,FAUC,17.54,0.167,0.461
5D1,FAUC,17.56,0.167,0.749
5D1,FAUC,17.69,0.333,1.296
5D1,FAUC,18.08,0.167,0.461
5D1,FAUC,18.09,0.500,1.286
5D1,FAUC,18.15,0.167,0.346
5D1,FAUC,18.21,0.333,0.605
5D1,FAUC,18.29,0.167,0.806
5D1,FAUC,18.32,0.333,0.403
5D1,FAUC,18.34,0.500,1.402
5D1,FAUC,18.36,0.333,0.691
5D1,FAUC,18.47,0.167,0.346
5D1,FAUC,18.49,0.167,0.346
5D1,FAUC,18.57,0.667,0.749
5D1,FAUC,18.58,0.167,0.346
5D1,FAUC,18.69,0.167,0.461
5D1,FAUC,18.90,0.167,0.576
5D1,FAUC,18.92,0.500,0.595
5D1,FAUC,19.01,0.167,0.691
5D1,FAUC,19.04,0.333,0.691
5D1,FAUC,19.39,1.500,1.312
5D1,FAUC,19.43,0.333,0.749
5D1,FAUC,19.62,0.333,1.008
5D1,FAUC,19.82,0.167,0.346
5D1,FAUC,19.83,0.333,0.432
5D1,FAUC,19.84,0.667,0.490
5D1,FAUC,19.86,0.333,0.518
5D1,FAUC,19.87,0.167,0.346
5D1,FAUC,19.87,0.333,0.374
5D1,FAUC,20.20,0.500,1.171
5D1,FAUC,20.59,0.167,0.346
5D1,FAUC,20.60,0.167,0.403
5D1,FAUC,20.63,0.167,0.922
5D1,FAUC,20.69,1.167,1.555
5D1,FAUC,20.70,0.167,1.094
5D1,FAUC,20.71,0.167,0.749
5D1,FAUC,21.34,0.167,0.346
5D1,FAUC,21.68,0.333,0.720
5D1,FAUC,21.70,0.167,1.094
5D1,FAUC,21.71,0.167,0.403
5D1,FAUC,21.72,0.167,0.518
5D1,FAUC,21.74,0.833,1.567
5D1,FAUC,22.25,1.000,1.181
5D1,FAUC,22.27,3.167,1.834
5D1,FAUC,22.34,1.167,1.284
5D1,FAUC,22.36,1.667,0.703
5D1,FAUC,22.50,0.833,0.922
5D1,FAUC,22.61,0.667,0.115
5D1,FAUC,23.30,0.167,0.634
5D1,FAUC,23.33,0.167,0.461
5D1,FAUC,23.76,0.500,0.768
5D1,SHWR,6.84,8.333,2.000
5D1,SHWR,13.53,7.167,1.909
5D1,SHWR,20.26,8.333,1.926
5D1,SHWR,20.87,12.167,1.824
5D2,BATH,22.14,5.333,2.308
5D2,FAUC,6.17,0.167,0.430
5D2,FAUC,6.18,0.500,0.602
5D2,FAUC,6.23,1.000,0.594
5D2,FAUC,6.28,1.000,0.645
5D2,FAUC,6.90,1.167,0.552
5D2,FAUC,6.94,7.667,0.985
5D2,FAUC,7.10,0.167,0.602
5D2,FAUC,7.59,0.167,0.602
5D2,FAUC,7.60,0.333,0.451
5D2,FAUC,7.60,3.333,0.447
5D2,FAUC,7.62,0.667,1.783
5D2,FAUC,7.66,4.500,0.409
5D2,FAUC,7.71,0.333,0.602
5D2,FAUC,7.74,1.500,0.463
5D2,FAUC,7.88,0.167,0.602
5D2,FAUC,7.91,1.000,0.645
5D2,FAUC,7.95,0.333,0.602
5D2,FAUC,8.10,0.167,0.301
5D2,FAUC,8.45,0.167,0.301
5D2,FAUC,8.88,0.167,0.301
5D2,FAUC,8.92,0.167,0.301
5D2,FAUC,8.96,0.167,0.301
5D2,FAUC,10.02,0.167,0.301
5D2,FAUC,10.07,0.167,0.301
5D2,FAUC,10.11,0.167,0.387
5D2,FAUC,10.14,0.167,0.301
5D2,FAUC,10.92,0.167,0.301
5D2,FAUC,12.71,6.500,0.353
5D2,FAUC,12.83,3.167,0.362
5D2,FAUC,13.67,0.167,0.387
5D2,FAUC,13.68,0.500,0.301
5D2,FAUC,13.69,4.833,0.124
5D2,FAUC,14.25,0.167,0.301
5D2,FAUC,15.02,0.167,0.301
5D2,FAUC,15.67,0.167,0.301
5D2,FAUC,15.99,0.167,0.301
5D2,FAUC,16.10,0.167,0.301
5D2,FAUC,16.16,0.167,0.301
5D2,FAUC,17.24,0.333,0.301
5D2,FAUC,18.57,0.167,0.301
5D2,FAUC,20.46,0.833,0.593
5D2,FAUC,20.48,0.500,0.687
5D2,FAUC,20.50,0.333,0.602
5D2,FAUC,20.70,0.167,0.602
5D2,FAUC,20.84,1.833,0.488
5D2,FAUC,20.90,0.667,0.226
5D2,FAUC,20.93,1.000,0.594
5D2,FAUC,20.97,0.500,0.444
5D2,FAUC,20.99,0.500,1.189
5D2,FAUC,21.07,0.333,0.451
5D2,FAUC,21.08,0.833,0.412
5D2,FAUC,21.15,0.333,0.623
5D2,FAUC,21.18,0.833,0.567
5D2,FAUC,21.55,0.167,0.301
5D2,FAUC,22.27,0.500,0.415
5D2,FAUC,22.28,0.500,0.301
5D2,FAUC,22.30,0.167,0.602
5D2,FAUC,22.58,0.500,0.401
5D2,FAUC,22.64,3.000,0.485
5D2,FAUC,22.71,0.333,0.322
5D2,FAUC,22.73,0.167,0.602
5D2,FAUC,22.75,0.333,0.344
5D2,FAUC,22.78,0.333,0.451
5D2,FAUC,22.80,0.333,0.451
5D2,FAUC,22.83,0.500,0.301
5D2,FAUC,22.86,0.167,0.602
5D2,FAUC,22.87,1.667,0.494
5D2,FAUC,23.00,0.333,0.752
5D2,FAUC,23.03,0.333,0.301
5D2,FAUC,23.52,2.000,0.723
5D2,FAUC,23.86,0.333,0.301
5D2,SHWR,7.43,6.667,1.492
5D2,SHWR,18.60,6.500,1.492
5D2,SHWR,18.91,2.000,1.059
5D2,SHWR,18.96,6.000,1.492
5D3,CWSH,18.52,1.833,1.743
5D3,CWSH,18.66,2.167,1.752
5D3,CWSH,18.76,1.333,1.851
5D3,CWSH,18.96,1.833,1.740
5D3,CWSH,21.05,1.833,1.338
5D3,CWSH,21.09,0.500,1.005
5D3,CWSH,21.30,1.000,1.303
5D3,CWSH,21.36,2.000,1.408
5D3,CWSH,21.49,1.833,1.378
5D3,CWSH,21.64,0.333,0.503
5D3,CWSH,21.67,1.833,1.366
5D3,CWSH,21.72,0.333,1.131
5D3,FAUC,5.31,0.500,0.859
5D3,FAUC,6.04,0.167,0.516
5D3,FAUC,7.33,1.500,1.127
5D3,FAUC,7.68,0.167,0.773
5D3,FAUC,7.93,1.667,1.396
5D3,FAUC,8.62,0.167,0.344
5D3,FAUC,8.65,0.333,0.408
5D3,FAUC,8.75,0.167,0.473
5D3,FAUC,9.40,0.167,0.387
5D3,FAUC,11.94,0.500,0.387
5D3,FAUC,12.02,0.167,0.301
5D3,FAUC,12.48,0.333,0.365
5D3,FAUC,12.49,0.167,0.602
5D3,FAUC,12.50,0.167,0.344
5D3,FAUC,12.75,0.500,1.189
5D3,FAUC,12.80,0.167,0.687
5D3,FAUC,12.85,0.167,0.387
5D3,FAUC,13.11,1.167,0.387
5D3,FAUC,13.12,0.500,1.060
5D3,FAUC,13.29,0.167,0.516
5D3,FAUC,13.36,2.667,1.533
5D3,FAUC,13.42,1.333,1.386
5D3,FAUC,13.52,0.167,0.859
5D3,FAUC,13.69,0.833,0.507
5D3,FAUC,13.71,0.500,0.802
5D3,FAUC,13.72,0.333,0.559
5D3,FAUC,13.74,0.333,0.537
5D3,FAUC,13.81,0.333,0.537
5D3,FAUC,13.92,0.167,0.473
5D3,FAUC,15.63,1.333,1.171
5D3,FAUC,15.68,0.167,0.602
5D3,FAUC,16.46,0.500,1.174
5D3,FAUC,16.48,0.167,0.344
5D3,FAUC,16.71,3.167,1.348
5D3,FAUC,17.12,0.167,0.516
5D3,FAUC,17.17,0.167,0.344
5D3,FAUC,17.18,0.333,0.408
5D3,FAUC,17.21,0.167,0.687
5D3,FAUC,17.22,0.333,0.687
5D3,FAUC,17.28,2.167,1.117
5D3,FAUC,19.19,0.167,0.258
5D3,FAUC,20.69,1.333,0.902
5D3,FAUC,20.82,0.167,0.816
5D3,FAUC,21.39,1.000,0.730
5D3,FAUC,21.43,0.500,0.329
5D3,FAUC,22.20,0.333,0.451
5D3,FAUC,22.31,0.167,0.258
5D3,FAUC,22.41,0.333,0.301
5D3,FAUC,22.49,0.333,0.859
5D3,SHWR,7.02,9.000,1.492
5D3,SHWR,8.37,14.500,1.492
5D3,SHWR,11.14,11.500,1.492
5D3,SHWR,21.96,9.500,1.492
5D4,CWSH,5.24,1.333,9.488
5D4,FAUC,0.02,0.167,0.344
5D4,FAUC,0.06,0.167,0.258
5D4,FAUC,0.09,0.167,0.258
5D4,FAUC,0.28,0.167,0.258
5D4,FAUC,6.15,1.500,0.683
5D4,FAUC,6.21,0.167,0.816
5D4,FAUC,6.22,0.333,0.408
5D4,FAUC,6.24,1.000,1.003
5D4,FAUC,6.29,0.167,0.730
5D4,FAUC,6.58,0.833,1.186
5D4,FAUC,9.41,0.333,0.537
5D4,FAUC,9.42,0.167,0.344
5D4,FAUC,10.52,2.167,0.559
5D4,FAUC,10.87,0.167,0.816
5D4,FAUC,11.45,2.167,1.663
5D4,FAUC,11.49,3.667,0.539
5D4,FAUC,11.59,0.167,0.258
5D4,FAUC,11.61,1.167,0.958
5D4,FAUC,11.87,0.167,0.258
5D4,FAUC,11.90,0.667,0.548
5D4,FAUC,11.92,0.167,0.387
5D4,FAUC,12.07,2.000,0.544
5D4,FAUC,12.14,0.500,0.573
5D4,FAUC,12.61,1.667,0.700
5D4,FAUC,12.66,0.333,0.430
5D4,FAUC,13.19,0.167,0.258
5D4,FAUC,13.96,0.333,0.730
5D4,FAUC,16.61,0.167,1.590
5D4,FAUC,16.62,0.500,0.559
5D4,FAUC,16.82,0.333,0.559
5D4,FAUC,17.36,0.167,0.687
5D4,FAUC,17.45,1.167,0.712
5D4,FAUC,18.44,0.167,0.215
5D4,FAUC,19.32,0.500,0.430
5D4,FAUC,20.28,0.833,0.455
5D4,SHWR,9.52,3.500,1.492
5D4,SHWR,16.67,5.333,1.492
5D5,CWSH,16.79,6.000,0.998
5D5,CWSH,17.18,5.333,1.142
5D5,CWSH,17.37,0.333,0.832
5D5,CWSH,17.38,0.500,0.581
5D5,DWSH,8.78,1.667,0.791
5D5,DWSH,8.89,1.667,0.951
5D5,DWSH,9.22,0.667,0.840
5D5,DWSH,9.25,1.500,1.025
5D5,FAUC,5.69,0.167,0.344
5D5,FAUC,6.58,2.833,1.613
5D5,FAUC,7.46,0.500,0.788
5D5,FAUC,7.49,0.167,0.559
5D5,FAUC,7.50,0.333,0.623
5D5,FAUC,7.51,0.167,0.301
5D5,FAUC,8.70,0.667,1.053
5D5,FAUC,8.73,0.167,0.473
5D5,FAUC,8.73,2.833,0.746
5D5,FAUC,8.75,1.667,0.614
5D5,FAUC,8.78,1.667,0.357
5D5,FAUC,8.82,0.500,0.745
5D5,FAUC,8.97,1.167,0.755
5D5,FAUC,9.01,0.667,1.031
5D5,FAUC,9.13,0.333,0.322
5D5,FAUC,9.25,0.167,0.215
5D5,FAUC,9.54,1.500,0.874
5D5,FAUC,10.29,0.333,0.129
5D5,FAUC,10.95,2.500,1.195
5D5,FAUC,11.02,0.333,0.602
5D5,FAUC,11.11,0.500,0.802
5D5,FAUC,13.99,0.167,0.687
5D5,FAUC,15.03,1.500,1.260
5D5,FAUC,16.21,0.500,1.031
5D5,FAUC,16.34,0.167,0.258
5D5,FAUC,16.62,0.667,0.988
5D5,FAUC,17.21,3.333,1.104
5D5,FAUC,17.28,0.333,0.172
5D5,FAUC,17.28,0.333,0.172
5D5,FAUC,17.29,0.333,0.172
5D5,FAUC,18.08,1.167,1.056
5D5,FAUC,18.10,0.167,0.215
5D5,FAUC,18.48,0.333,0.816
5D5,FAUC,18.50,0.333,0.129
5D5,FAUC,18.89,0.333,0.816
5D5,FAUC,18.93,0.167,0.258
5D5,FAUC,18.93,0.333,0.129
5D5,FAUC,19.82,0.667,0.720
5D5,FAUC,22.29,2.667,0.486
5D5,FAUC,22.39,0.167,0.687
5D5,FAUC,22.41,0.167,0.344
5D5,SHWR,9.31,3.833,1.492
5D5,SHWR,15.46,4.333,1.492
5E1,BATH,16.86,3.000,4.596
5E1,CWSH,10.05,5.000,1.277
5E1,CWSH,10.49,0.667,0.999
5E1,CWSH,10.54,4.333,1.292
5E1,CWSH,11.78,6.333,1.277
5E1,CWSH,12.38,1.000,0.728
5E1,CWSH,12.43,3.000,1.278
5E1,FAUC,8.06,0.333,0.589
5E1,FAUC,8.77,0.167,0.679
5E1,FAUC,8.78,0.333,0.657
5E1,FAUC,8.80,0.167,1.313
5E1,FAUC,8.84,0.333,0.724
5E1,FAUC,10.25,0.333,0.792
5E1,FAUC,10.35,0.333,0.611
5E1,FAUC,10.46,0.500,1.026
5E1,FAUC,10.68,0.333,0.747
5E1,FAUC,10.95,0.333,0.657
5E1,FAUC,10.97,0.333,1.222
5E1,FAUC,10.99,0.167,0.679
5E1,FAUC,10.99,0.333,1.653
5E1,FAUC,11.01,0.333,0.815
5E1,FAUC,11.11,0.500,1.056
5E1,FAUC,11.21,0.167,0.498
5E1,FAUC,11.22,1.000,0.445
5E1,FAUC,11.31,0.500,0.453
5E1,FAUC,11.49,0.333,0.453
5E1,FAUC,11.73,0.667,2.377
5E1,FAUC,11.83,3.500,1.854
5E1,FAUC,11.92,0.333,0.792
5E1,FAUC,11.95,1.500,1.077
5E1,FAUC,12.04,0.333,0.792
5E1,FAUC,12.84,0.167,0.407
5E1,FAUC,12.88,0.167,0.906
5E1,FAUC,13.88,0.333,0.543
5E1,FAUC,14.41,0.167,1.585
5E1,FAUC,14.57,0.167,0.770
5E1,FAUC,14.65,0.333,0.860
5E1,FAUC,15.27,0.167,0.634
5E1,FAUC,15.36,2.167,1.024
5E1,FAUC,15.41,2.667,0.968
5E1,FAUC,15.46,2.333,0.951
5E1,FAUC,15.56,0.167,0.407
5E1,FAUC,15.87,0.167,0.951
5E1,FAUC,16.59,0.333,0.724
5E1,FAUC,16.73,0.500,1.056
5E1,FAUC,16.74,0.167,0.951
5E1,FAUC,16.90,0.333,1.064
5E1,FAUC,17.43,0.167,0.543
5E1,FAUC,17.66,0.333,0.860
5E1,FAUC,17.97,2.167,0.912
5E1,FAUC,18.01,0.500,1.117
5E1,FAUC,18.16,0.333,0.521
5E1,FAUC,18.19,0.333,1.426
5E1,FAUC,18.29,1.667,0.602
5E1,FAUC,18.35,0.333,0.521
5E1,FAUC,18.59,1.833,0.934
5E1,FAUC,19.23,0.333,0.521
5E1,FAUC,19.26,0.667,1.404
5E1,FAUC,19.28,1.000,1.464
5E1,FAUC,19.41,1.000,1.464
5E1,FAUC,19.43,0.833,1.702
5E1,FAUC,19.45,0.500,1.373
5E1,FAUC,19.48,0.833,1.232
5E1,FAUC,19.48,0.500,0.860
5E1,FAUC,19.56,0.167,0.407
5E1,FAUC,19.82,0.333,0.747
5E1,FAUC,19.86,0.333,0.566
5E1,FAUC,19.89,0.333,1.132
5E1,FAUC,19.97,0.333,0.543
5E1,FAUC,20.05,0.333,0.453
5E1,FAUC,20.09,0.333,0.385
5E1,FAUC,20.75,0.333,0.407
5E1,FAUC,21.16,0.333,0.521
5E1,FAUC,21.30,0.333,0.747
5E1,FAUC,21.41,0.667,0.453
5E1,FAUC,23.91,0.167,0.724
5E1,SHWR,8.23,3.500,1.572
5E1,SHWR,11.35,6.333,1.572
5E1,SHWR,12.05,4.667,1.572
5E1,SHWR,12.91,2.667,1.572
5E1,SHWR,15.99,6.667,1.572
5E1,SHWR,16.16,3.667,1.572
5E1,SHWR,16.43,6.833,1.572
5E1,SHWR,19.11,4.500,1.572
5E2,CWSH,12.58,4.667,1.308
5E2,CWSH,12.88,0.333,1.178
5E2,CWSH,12.92,4.500,1.282
5E2,CWSH,13.05,0.500,0.771
5E2,DWSH,13.43,1.333,0.832
5E2,DWSH,13.46,0.167,0.682
5E2,DWSH,13.56,1.500,0.762
5E2,DWSH,13.59,0.167,0.682
5E2,DWSH,14.13,1.500,0.789
5E2,DWSH,14.23,1.500,0.798
5E2,DWSH,14.26,0.167,0.842
5E2,FAUC,8.15,0.167,0.387
5E2,FAUC,8.17,0.167,0.215
5E2,FAUC,8.18,0.167,0.215
5E2,FAUC,8.42,0.167,0.215
5E2,FAUC,9.63,0.833,0.928
5E2,FAUC,9.70,0.167,0.215
5E2,FAUC,9.72,0.333,1.010
5E2,FAUC,9.75,0.167,0.215
5E2,FAUC,9.76,9.000,0.029
5E2,FAUC,11.80,0.500,0.874
5E2,FAUC,11.83,0.500,0.788
5E2,FAUC,11.86,0.667,0.967
5E2,FAUC,11.88,0.167,0.816
5E2,FAUC,12.16,0.167,0.430
5E2,FAUC,12.21,0.667,0.623
5E2,FAUC,12.22,0.167,0.387
5E2,FAUC,12.32,0.667,0.892
5E2,FAUC,12.34,0.167,0.215
5E2,FAUC,12.69,0.167,0.301
5E2,FAUC,13.13,0.167,0.301
5E2,FAUC,13.14,0.167,0.215
5E2,FAUC,13.22,0.333,0.859
5E2,FAUC,13.31,0.333,1.053
5E2,FAUC,13.36,0.833,0.928
5E2,FAUC,13.39,0.167,0.215
5E2,FAUC,13.41,0.500,0.602
5E2,FAUC,13.42,0.667,0.634
5E2,FAUC,13.44,0.333,0.752
5E2,FAUC,13.68,0.167,0.344
5E2,FAUC,13.76,0.333,0.408
5E2,FAUC,13.82,0.333,0.301
5E2,FAUC,14.70,0.167,0.730
5E2,FAUC,15.14,0.333,0.902
5E2,FAUC,15.18,0.333,0.344
5E2,FAUC,15.36,0.500,0.788
5E2,FAUC,15.50,0.167,0.301
5E2,FAUC,15.51,0.333,0.344
5E2,FAUC,15.54,0.167,0.687
5E2,FAUC,15.55,0.333,0.451
5E2,FAUC,15.56,0.167,0.602
5E2,FAUC,15.58,0.167,0.687
5E2,FAUC,15.60,0.500,0.902
5E2,FAUC,15.61,0.500,0.573
5E2,FAUC,15.71,0.167,0.215
5E2,FAUC,17.62,0.167,0.215
5E2,FAUC,17.75,0.167,0.516
5E2,FAUC,17.78,0.167,0.473
5E2,FAUC,17.78,3.667,1.162
5E2,FAUC,17.85,1.167,0.724
5E2,FAUC,17.86,0.333,0.709
5E2,FAUC,18.42,0.167,0.215
5E2,FAUC,18.58,0.167,0.215
5E2,FAUC,18.81,0.167,0.301
5E2,FAUC,18.86,0.333,0.215
5E2,FAUC,19.16,0.167,0.215
5E2,FAUC,20.81,0.333,1.010
5E2,FAUC,20.84,0.167,0.215
5E2,FAUC,20.93,0.167,0.258
5E2,FAUC,20.97,0.167,0.215
5E2,FAUC,21.05,0.500,0.745
5E2,FAUC,21.06,0.333,0.666
5E2,FAUC,21.11,0.667,0.687
5E2,FAUC,21.15,0.333,0.559
5E2,FAUC,21.16,0.167,0.387
5E2,FAUC,21.17,0.333,0.559
5E2,FAUC,21.18,1.167,0.853
5E2,FAUC,21.21,0.333,0.752
5E2,FAUC,21.50,0.333,0.215
5E2,FAUC,21.61,0.167,0.215
5E2,FAUC,22.01,0.167,0.387
5E2,SHWR,9.12,6.500,1.454
5E2,SHWR,20.39,2.167,1.492
5E2,SHWR,21.22,9.167,1.473
5H1,CWSH,16.35,5.833,1.031
5H1,CWSH,16.69,1.333,0.756
5H1,CWSH,16.73,6.000,0.938
5H1,DWSH,2.13,2.333,0.462
5H1,DWSH,2.34,1.833,0.548
5H1,DWSH,3.00,1.667,0.577
5H1,DWSH,3.22,1.833,0.531
5H1,DWSH,3.45,1.833,0.536
5H1,FAUC,0.08,0.167,0.344
5H1,FAUC,0.38,1.333,0.779
5H1,FAUC,1.10,0.167,0.516
5H1,FAUC,1.29,0.167,0.344
5H1,FAUC,2.10,0.167,0.344
5H1,FAUC,3.26,0.333,0.322
5H1,FAUC,3.51,0.333,0.322
5H1,FAUC,3.60,0.167,0.344
5H1,FAUC,3.98,0.167,0.344
5H1,FAUC,4.10,0.167,0.344
5H1,FAUC,4.11,0.167,0.344
5H1,FAUC,4.12,0.167,0.344
5H1,FAUC,4.15,0.167,0.344
5H1,FAUC,4.16,0.167,0.344
5H1,FAUC,4.18,0.167,0.344
5H1,FAUC,5.26,0.167,0.344
5H1,FAUC,5.95,0.167,0.344
5H1,FAUC,6.02,0.167,0.344
5H1,FAUC,6.22,0.167,0.344
5H1,FAUC,6.54,1.500,0.721
5H1,FAUC,6.58,0.167,0.344
5H1,FAUC,6.63,0.167,0.344
5H1,FAUC,6.76,0.167,0.344
5H1,FAUC,6.77,0.333,0.902
5H1,FAUC,6.85,0.667,0.902
5H1,FAUC,6.90,0.167,0.687
5H1,FAUC,6.90,0.333,0.494
5H1,FAUC,6.92,0.167,0.816
5H1,FAUC,6.93,0.667,0.516
5H1,FAUC,6.98,0.167,0.387
5H1,FAUC,7.00,0.500,0.716
5H1,FAUC,7.01,0.167,0.516
5H1,FAUC,7.08,0.667,0.451
5H1,FAUC,7.15,0.167,0.344
5H1,FAUC,7.16,0.167,0.344
5H1,FAUC,7.27,0.167,0.344
5H1,FAUC,7.28,1.500,1.227
5H1,FAUC,7.49,2.500,1.243
5H1,FAUC,7.60,0.167,0.344
5H1,FAUC,7.64,0.167,0.645
5H1,FAUC,7.67,0.333,0.408
5H1,FAUC,8.14,0.167,0.387
5H1,FAUC,8.56,0.667,0.376
5H1,FAUC,8.58,0.167,0.344
5H1,FAUC,8.78,0.167,0.344
5H1,FAUC,9.59,0.500,0.387
5H1,FAUC,9.60,0.333,0.322
5H1,FAUC,9.75,0.167,0.344
5H1,FAUC,9.81,0.167,0.344
5H1,FAUC,9.84,0.167,0.344
5H1,FAUC,9.85,0.167,0.516
5H1,FAUC,9.88,2.333,2.090
5H1,FAUC,10.12,0.167,0.344
5H1,FAUC,10.18,0.333,0.430
5H1,FAUC,10.38,1.167,0.663
5H1,FAUC,10.40,0.333,0.322
5H1,FAUC,10.56,0.167,0.344
5H1,FAUC,10.56,0.167,0.645
5H1,FAUC,10.58,0.167,0.344
5H1,FAUC,10.62,0.167,0.344
5H1,FAUC,11.88,0.167,0.344
5H1,FAUC,11.99,0.167,0.344
5H1,FAUC,11.99,0.167,0.344
5H1,FAUC,12.01,0.167,0.344
5H1,FAUC,12.18,0.167,0.344
5H1,FAUC,12.43,0.167,0.344
5H1,FAUC,12.47,0.167,0.645
5H1,FAUC,12.48,0.500,0.387
5H1,FAUC,12.54,0.833,0.292
5H1,FAUC,12.56,0.167,0.344
5H1,FAUC,12.57,1.167,0.964
5H1,FAUC,12.59,0.167,0.344
5H1,FAUC,12.60,0.500,0.387
5H1,FAUC,12.66,0.833,0.576
5H1,FAUC,12.69,0.167,0.344
5H1,FAUC,12.90,0.167,0.516
5H1,FAUC,12.95,0.333,0.902
5H1,FAUC,13.52,0.167,0.344
5H1,FAUC,13.54,0.167,0.344
5H1,FAUC,13.99,0.333,0.752
5H1,FAUC,14.02,0.333,0.322
5H1,FAUC,14.27,0.667,0.333
5H1,FAUC,15.29,1.667,2.737
5H1,FAUC,15.98,0.333,0.322
5H1,FAUC,15.99,0.167,0.344
5H1,FAUC,16.07,0.167,0.516
5H1,FAUC,16.46,0.167,0.344
5H1,FAUC,16.47,0.167,0.344
5H1,FAUC,16.51,0.167,0.344
5H1,FAUC,16.86,0.167,0.344
5H1,FAUC,16.88,1.167,1.627
5H1,FAUC,16.90,1.000,0.888
5H1,FAUC,16.93,0.167,0.344
5H1,FAUC,17.50,0.167,0.344
5H1,FAUC,17.51,0.167,0.344
5H1,FAUC,17.67,0.333,0.322
5H1,FAUC,17.70,0.167,0.344
5H1,FAUC,18.42,0.167,0.344
5H1,FAUC,18.52,0.500,0.931
5H1,FAUC,18.69,0.500,0.487
5H1,FAUC,18.74,0.167,0.344
5H1,FAUC,19.09,0.667,0.333
5H1,FAUC,19.11,0.167,0.344
5H1,FAUC,19.23,0.333,0.408
5H1,FAUC,19.25,0.167,0.344
5H1,FAUC,19.30,0.333,0.408
5H1,FAUC,19.71,0.500,0.716
5H1,FAUC,19.74,0.167,0.516
5H1,FAUC,19.75,0.167,0.344
5H1,FAUC,19.84,0.333,0.752
5H1,FAUC,19.98,0.167,0.645
5H1,FAUC,19.98,0.167,0.344
5H1,FAUC,19.99,0.167,0.344
5H1,FAUC,20.01,0.167,0.344
5H1,FAUC,20.04,0.167,0.344
5H1,FAUC,20.04,0.333,0.494
5H1,FAUC,20.05,0.833,0.524
5H1,FAUC,20.07,0.167,0.516
5H1,FAUC,20.08,0.167,0.344
5H1,FAUC,20.10,0.167,0.344
5H1,FAUC,20.12,0.167,0.344
5H1,FAUC,20.18,0.167,0.516
5H1,FAUC,21.36,0.333,0.408
5H1,FAUC,22.29,0.333,0.730
5H1,FAUC,22.31,0.667,0.655
5H1,FAUC,22.33,0.167,0.516
5H1,FAUC,22.34,0.167,0.344
5H1,FAUC,22.35,0.167,0.645
5H1,FAUC,22.37,0.167,0.344
5H1,FAUC,22.47,2.333,1.869
5H1,FAUC,22.51,0.167,0.344
5H1,FAUC,22.52,0.167,0.344
5H1,FAUC,22.92,0.333,0.408
5H1,FAUC,23.50,4.500,0.847
5H1,SHWR,6.35,9.333,1.492
5H1,SHWR,7.19,4.500,1.492
5H1,SHWR,10.19,9.833,1.492
6D1,CWSH,6.57,1.167,2.063
6D1,CWSH,6.60,0.333,1.821
6D1,CWSH,6.61,0.333,1.821
6D1,CWSH,6.62,0.333,1.546
6D1,CWSH,6.64,0.333,1.122
6D1,CWSH,6.66,0.167,1.821
6D1,CWSH,7.08,1.667,2.058
6D1,CWSH,7.12,0.333,1.482
6D1,CWSH,7.13,0.333,0.911
6D1,CWSH,7.30,2.333,1.546
6D1,DWSH,9.35,1.833,0.742
6D1,DWSH,9.44,1.500,0.772
6D1,DWSH,9.63,1.500,0.797
6D1,DWSH,9.70,1.667,0.771
6D1,DWSH,21.05,1.667,0.744
6D1,DWSH,21.13,1.667,0.785
6D1,DWSH,21.33,1.667,0.744
6D1,DWSH,21.40,1.500,0.807
6D1,FAUC,5.93,0.500,0.250
6D1,FAUC,6.15,0.333,0.576
6D1,FAUC,6.17,3.333,1.967
6D1,FAUC,6.29,0.333,0.576
6D1,FAUC,6.30,0.167,0.403
6D1,FAUC,6.43,0.167,0.691
6D1,FAUC,6.47,0.333,0.374
6D1,FAUC,6.52,0.167,0.576
6D1,FAUC,6.70,0.333,0.490
6D1,FAUC,6.82,0.167,1.152
6D1,FAUC,6.82,0.167,1.152
6D1,FAUC,6.82,0.667,1.526
6D1,FAUC,6.83,0.167,0.749
6D1,FAUC,6.84,0.167,1.152
6D1,FAUC,6.94,0.167,1.152
6D1,FAUC,6.97,0.167,0.403
6D1,FAUC,7.00,0.500,0.442
6D1,FAUC,7.02,0.833,0.622
6D1,FAUC,7.05,0.167,0.749
6D1,FAUC,7.10,0.167,0.979
6D1,FAUC,7.14,0.333,0.950
6D1,FAUC,7.18,0.333,0.950
6D1,FAUC,7.20,0.167,1.152
6D1,FAUC,7.20,2.333,1.049
6D1,FAUC,7.27,0.667,0.893
6D1,FAUC,7.34,0.333,1.325
6D1,FAUC,7.36,0.333,1.152
6D1,FAUC,7.42,0.167,0.576
6D1,FAUC,7.53,0.667,0.720
6D1,FAUC,7.55,0.333,0.576
6D1,FAUC,7.56,0.333,1.901
6D1,FAUC,7.58,0.333,1.440
6D1,FAUC,7.59,1.000,1.238
6D1,FAUC,7.85,0.333,0.950
6D1,FAUC,8.01,0.167,0.403
6D1,FAUC,8.20,0.167,1.152
6D1,FAUC,8.35,0.333,1.094
6D1,FAUC,8.53,0.500,0.269
6D1,FAUC,8.68,0.500,0.595
6D1,FAUC,9.07,0.167,0.403
6D1,FAUC,9.11,0.333,0.518
6D1,FAUC,9.13,0.167,0.806
6D1,FAUC,9.13,0.167,0.403
6D1,FAUC,9.14,1.000,1.363
6D1,FAUC,9.17,0.500,1.594
6D1,FAUC,9.18,0.167,1.728
6D1,FAUC,9.21,0.833,1.371
6D1,FAUC,9.25,0.333,0.288
6D1,FAUC,9.35,1.167,1.572
6D1,FAUC,9.39,0.667,1.238
6D1,FAUC,9.46,0.167,0.922
6D1,FAUC,9.47,0.667,1.656
6D1,FAUC,9.48,0.500,1.210
6D1,FAUC,9.81,0.167,1.152
6D1,FAUC,10.03,0.500,1.325
6D1,FAUC,10.39,0.167,0.403
6D1,FAUC,11.00,1.000,0.701
6D1,FAUC,11.67,4.833,0.336
6D1,FAUC,11.84,2.000,0.384
6D1,FAUC,15.51,0.333,0.662
6D1,FAUC,15.52,0.167,0.403
6D1,FAUC,15.54,0.167,1.152
6D1,FAUC,15.55,0.500,2.496
6D1,FAUC,17.04,0.167,1.498
6D1,FAUC,17.13,0.833,1.417
6D1,FAUC,17.18,0.333,1.037
6D1,FAUC,17.23,0.167,0.576
6D1,FAUC,17.24,0.667,1.238
6D1,FAUC,17.32,0.167,0.403
6D1,FAUC,17.50,0.333,1.238
6D1,FAUC,17.52,0.667,0.864
6D1,FAUC,17.63,0.167,0.979
6D1,FAUC,17.64,0.167,0.403
6D1,FAUC,17.74,0.333,1.152
6D1,FAUC,17.79,0.167,0.576
6D1,FAUC,17.81,0.167,0.634
6D1,FAUC,17.85,0.500,1.517
6D1,FAUC,17.88,0.167,0.806
6D1,FAUC,17.92,0.167,1.325
6D1,FAUC,17.95,0.167,0.749
6D1,FAUC,18.05,0.500,1.018
6D1,FAUC,18.07,0.167,1.325
6D1,FAUC,18.09,0.167,1.498
6D1,FAUC,18.10,0.167,1.498
6D1,FAUC,18.16,0.167,0.576
6D1,FAUC,18.23,0.167,0.576
6D1,FAUC,18.42,0.333,0.490
6D1,FAUC,18.44,0.500,1.018
6D1,FAUC,18.72,0.333,0.778
6D1,FAUC,18.74,0.167,0.403
6D1,FAUC,18.81,0.167,0.403
6D1,FAUC,18.93,0.667,0.965
6D1,FAUC,18.99,0.167,0.979
6D1,FAUC,19.06,0.167,0.461
6D1,FAUC,19.27,0.167,1.325
6D1,FAUC,19.55,0.167,1.325
6D1,FAUC,19.64,0.500,0.710
6D1,FAUC,19.65,0.167,0.403
6D1,FAUC,19.73,0.333,0.576
6D1,FAUC,19.74,0.333,0.490
6D1,FAUC,19.75,1.167,0.823
6D1,FAUC,19.75,0.500,1.267
6D1,FAUC,19.77,0.333,0.749
6D1,FAUC,19.78,0.667,1.339
6D1,FAUC,19.80,0.167,1.325
6D1,FAUC,19.81,0.167,1.498
6D1,FAUC,19.81,0.333,1.152
6D1,FAUC,19.87,0.333,2.304
6D1,FAUC,19.92,0.333,2.390
6D1,FAUC,19.96,0.333,1.440
6D1,FAUC,19.97,1.000,1.181
6D1,FAUC,19.99,1.333,1.793
6D1,FAUC,20.03,0.167,0.979
6D1,FAUC,20.04,2.000,1.579
6D1,FAUC,20.08,0.167,0.979
6D1,FAUC,20.09,0.167,0.403
6D1,FAUC,20.11,1.000,1.306
6D1,FAUC,20.13,0.333,1.152
6D1,FAUC,20.14,0.500,1.344
6D1,FAUC,20.15,0.333,2.016
6D1,FAUC,20.16,0.333,0.490
6D1,FAUC,20.21,0.500,1.728
6D1,FAUC,20.23,0.167,0.922
6D1,FAUC,20.39,0.333,0.950
6D1,FAUC,20.40,0.167,0.749
6D1,FAUC,20.40,0.167,0.403
6D1,FAUC,20.42,0.333,0.518
6D1,FAUC,20.43,0.500,0.826
6D1,FAUC,20.44,1.000,1.018
6D1,FAUC,20.67,0.667,0.864
6D1,FAUC,20.85,0.333,0.662
6D1,FAUC,20.86,0.333,0.374
6D1,FAUC,20.97,0.167,0.576
6D1,FAUC,21.00,1.500,1.254
6D1,FAUC,21.05,0.500,0.442
6D1,FAUC,21.10,0.500,1.210
6D1,FAUC,21.11,0.167,0.979
6D1,FAUC,21.13,1.000,1.248
6D1,FAUC,21.15,0.333,0.518
6D1,FAUC,21.19,1.833,3.425
6D1,FAUC,21.22,0.167,0.403
6D1,FAUC,21.23,0.167,0.576
6D1,FAUC,21.29,2.333,2.201
6D1,FAUC,21.33,1.500,2.573
6D1,FAUC,21.37,0.500,1.075
6D1,FAUC,21.43,0.167,0.979
6D1,FAUC,21.58,0.333,0.490
6D1,FAUC,21.60,0.500,1.152
6D1,FAUC,21.70,0.333,0.864
6D1,FAUC,21.71,2.000,3.125
6D1,FAUC,21.73,0.333,1.584
6D1,FAUC,21.78,0.167,0.403
6D1,FAUC,21.87,0.167,0.979
6D1,FAUC,21.98,0.167,0.979
6D1,FAUC,22.01,1.833,2.833
6D1,FAUC,22.13,2.333,2.024
6D1,FAUC,22.25,0.167,0.806
6D1,FAUC,22.71,4.667,0.926
6D1,FAUC,22.77,0.833,1.267
6D1,FAUC,22.89,0.167,0.691
6D1,FAUC,23.30,1.000,1.910
6D1,FAUC,23.72,0.500,0.768
6D1,SHWR,9.18,7.833,1.743
6D1,SHWR,10.56,5.333,2.000
6D1,SHWR,16.89,9.333,2.000
6D1,SHWR,20.55,2.833,2.000
6D1,SHWR,20.97,4.000,2.000
6D2,CWSH,12.48,1.000,6.066
6D2,CWSH,12.50,0.667,4.160
6D2,CWSH,12.52,0.500,5.096
6D2,CWSH,12.53,0.500,2.525
6D2,CWSH,12.87,1.500,3.382
6D2,CWSH,12.91,0.333,2.140
6D2,CWSH,12.92,0.333,1.699
6D2,CWSH,13.09,2.333,2.456
6D2,CWSH,13.14,0.167,3.397
6D2,CWSH,20.40,1.000,4.249
6D2,CWSH,20.42,1.500,3.320
6D2,CWSH,20.44,0.667,2.049
6D2,CWSH,20.47,1.000,1.324
6D2,CWSH,20.49,0.333,1.366
6D2,CWSH,20.56,0.167,1.655
6D2,CWSH,20.60,1.167,5.566
6D2,CWSH,20.65,1.500,3.814
6D2,CWSH,20.72,0.167,2.613
6D2,DWSH,18.92,1.667,1.542
6D2,DWSH,19.00,1.500,1.620
6D2,FAUC,6.20,0.167,0.979
6D2,FAUC,6.24,0.167,0.749
6D2,FAUC,6.55,0.167,0.979
6D2,FAUC,6.58,0.167,0.403
6D2,FAUC,6.62,0.167,0.576
6D2,FAUC,6.67,0.667,1.570
6D2,FAUC,6.72,0.167,0.576
6D2,FAUC,6.82,0.333,0.490
6D2,FAUC,6.90,0.333,1.037
6D2,FAUC,7.06,0.667,0.936
6D2,FAUC,7.07,0.333,0.778
6D2,FAUC,7.08,0.333,1.238
6D2,FAUC,7.10,0.167,0.403
6D2,FAUC,7.16,0.167,0.403
6D2,FAUC,7.17,0.167,0.576
6D2,FAUC,7.31,0.167,0.576
6D2,FAUC,7.42,0.167,0.403
6D2,FAUC,7.46,0.167,0.576
6D2,FAUC,7.53,0.333,0.576
6D2,FAUC,7.67,0.167,0.979
6D2,FAUC,7.71,0.500,0.768
6D2,FAUC,8.34,0.500,1.459
6D2,FAUC,8.96,0.167,0.403
6D2,FAUC,12.46,2.500,1.490
6D2,FAUC,12.55,0.667,1.238
6D2,FAUC,12.56,0.500,1.152
6D2,FAUC,12.60,0.333,0.950
6D2,FAUC,12.64,0.333,0.576
6D2,FAUC,12.73,0.167,0.576
6D2,FAUC,12.98,2.667,1.346
6D2,FAUC,13.07,0.333,0.605
6D2,FAUC,13.08,0.167,0.749
6D2,FAUC,13.20,0.167,0.979
6D2,FAUC,14.24,0.667,1.051
6D2,FAUC,14.28,0.500,1.152
6D2,FAUC,14.31,0.167,0.576
6D2,FAUC,14.33,0.167,0.576
6D2,FAUC,14.34,0.333,0.662
6D2,FAUC,14.35,0.333,0.662
6D2,FAUC,14.37,0.500,0.902
6D2,FAUC,14.39,0.333,0.864
6D2,FAUC,14.41,0.667,0.835
6D2,FAUC,15.06,0.167,0.576
6D2,FAUC,16.69,0.333,1.613
6D2,FAUC,16.75,0.167,0.576
6D2,FAUC,16.76,0.833,0.956
6D2,FAUC,16.79,0.333,1.555
6D2,FAUC,16.93,0.500,0.826
6D2,FAUC,17.27,0.333,0.576
6D2,FAUC,17.70,0.167,1.901
6D2,FAUC,17.91,0.167,0.403
6D2,FAUC,17.95,0.333,0.662
6D2,FAUC,17.95,0.833,1.221
6D2,FAUC,17.98,0.500,0.710
6D2,FAUC,18.03,0.667,1.051
6D2,FAUC,18.20,0.167,0.403
6D2,FAUC,18.26,0.167,0.576
6D2,FAUC,18.30,0.167,0.979
6D2,FAUC,18.32,0.167,0.979
6D2,FAUC,18.33,0.167,0.576
6D2,FAUC,18.48,0.333,1.814
6D2,FAUC,18.55,1.833,1.843
6D2,FAUC,18.60,0.500,1.709
6D2,FAUC,18.63,0.167,1.037
6D2,FAUC,18.64,1.667,1.244
6D2,FAUC,18.67,0.167,1.325
6D2,FAUC,18.68,1.333,1.699
6D2,FAUC,18.70,0.833,1.682
6D2,FAUC,18.72,0.333,1.152
6D2,FAUC,19.77,0.167,0.749
6D2,FAUC,19.78,0.833,1.290
6D2,FAUC,19.97,0.833,1.152
6D2,FAUC,19.99,0.833,1.636
6D2,FAUC,19.99,0.500,0.902
6D2,FAUC,20.02,0.500,0.826
6D2,FAUC,20.04,0.333,1.152
6D2,FAUC,20.07,1.500,1.523
6D2,FAUC,20.10,0.500,0.576
6D2,FAUC,20.12,0.167,0.403
6D2,FAUC,20.20,0.167,0.403
6D2,FAUC,20.28,0.167,0.403
6D2,FAUC,20.39,0.167,0.403
6D2,FAUC,20.40,0.167,1.152
6D2,FAUC,20.60,0.167,1.152
6D2,FAUC,21.05,0.167,0.403
6D2,FAUC,21.12,0.167,0.979
6D2,FAUC,21.13,0.167,0.403
6D2,FAUC,21.21,0.167,0.749
6D2,FAUC,21.25,0.167,0.403
6D2,FAUC,21.46,0.167,0.806
6D2,FAUC,22.06,0.167,0.576
6D2,FAUC,23.57,0.500,0.864
6D2,SHWR,6.26,4.833,2.000
6D2,SHWR,7.91,3.667,2.000
6D2,SHWR,8.20,9.833,2.000
6D3,CWSH,2.46,2.833,2.054
6D3,CWSH,2.75,2.833,2.014
6D3,CWSH,2.92,0.500,1.219
6D3,CWSH,2.94,0.333,1.543
6D3,FAUC,0.20,0.333,0.634
6D3,FAUC,0.27,0.167,0.346
6D3,FAUC,2.34,3.000,0.688
6D3,FAUC,2.96,3.667,1.100
6D3,FAUC,3.08,0.333,0.720
6D3,FAUC,3.87,0.833,1.002
6D3,FAUC,6.18,0.833,0.864
6D3,FAUC,6.80,0.667,0.648
6D3,FAUC,6.82,0.333,0.893
6D3,FAUC,7.94,0.333,0.634
6D3,FAUC,7.97,0.500,1.248
6D3,FAUC,8.05,0.167,0.461
6D3,FAUC,8.14,0.167,0.518
6D3,FAUC,8.17,0.333,1.066
6D3,FAUC,8.18,0.333,1.382
6D3,FAUC,8.34,0.333,0.691
6D3,FAUC,8.71,0.667,0.979
6D3,FAUC,8.82,1.000,1.373
6D3,FAUC,8.97,0.333,1.008
6D3,FAUC,9.01,6.500,0.388
6D3,FAUC,9.15,2.333,0.852
6D3,FAUC,9.68,0.500,0.806
6D3,FAUC,9.72,0.333,0.749
6D3,FAUC,9.74,0.500,0.922
6D3,FAUC,9.78,0.167,0.346
6D3,FAUC,9.96,0.333,1.526
6D3,FAUC,9.97,0.333,1.123
6D3,FAUC,9.99,0.333,0.461
6D3,FAUC,10.01,0.167,0.922
6D3,FAUC,10.01,0.667,1.354
6D3,FAUC,11.19,0.333,1.210
6D3,FAUC,11.34,0.167,0.346
6D3,FAUC,11.35,6.167,0.420
6D3,FAUC,11.43,0.500,1.171
6D3,FAUC,11.62,0.667,1.454
6D3,FAUC,11.66,0.500,0.883
6D3,FAUC,11.73,0.167,0.518
6D3,FAUC,12.56,0.167,0.979
6D3,FAUC,12.76,1.500,1.318
6D3,FAUC,12.79,0.833,1.290
6D3,FAUC,12.81,0.333,0.634
6D3,FAUC,12.89,0.167,0.634
6D3,FAUC,13.01,2.000,1.584
6D3,FAUC,13.39,0.500,1.421
6D3,FAUC,13.41,0.167,0.461
6D3,FAUC,13.43,0.167,0.461
6D3,FAUC,13.43,0.167,0.346
6D3,FAUC,13.49,1.000,0.864
6D3,FAUC,13.51,2.000,0.912
6D3,FAUC,15.30,0.333,0.403
6D3,FAUC,15.33,0.167,1.094
6D3,FAUC,15.69,0.500,0.691
6D3,FAUC,16.65,4.167,1.203
6D3,FAUC,16.86,0.333,0.634
6D3,FAUC,16.87,0.333,0.634
6D3,FAUC,17.15,0.333,1.325
6D3,FAUC,17.19,1.500,0.883
6D3,FAUC,17.26,0.333,0.547
6D3,FAUC,17.44,6.000,0.339
6D3,FAUC,17.69,0.167,0.461
6D3,FAUC,18.56,0.333,0.547
6D3,FAUC,18.59,0.167,1.325
6D3,FAUC,18.61,0.167,1.498
6D3,FAUC,18.69,0.333,1.210
6D3,FAUC,18.74,0.500,0.960
6D3,FAUC,18.78,0.167,0.346
6D3,FAUC,18.86,0.333,0.893
6D3,FAUC,19.53,0.167,0.518
6D3,FAUC,19.64,0.667,0.475
6D3,FAUC,19.65,5.167,0.344
6D3,FAUC,19.88,4.333,0.802
6D3,FAUC,20.18,0.167,0.461
6D3,FAUC,20.89,0.333,0.922
6D3,FAUC,20.97,0.167,0.922
6D3,FAUC,21.00,0.167,1.267
6D3,FAUC,21.02,0.167,1.152
6D3,FAUC,21.17,0.500,0.922
6D3,FAUC,21.22,0.167,0.518
6D3,FAUC,21.23,0.167,0.691
6D3,FAUC,21.25,0.667,0.461
6D3,FAUC,21.95,0.167,1.325
6D3,FAUC,22.16,2.000,1.766
6D3,FAUC,22.66,0.167,1.440
6D3,FAUC,22.67,0.167,0.346
6D3,FAUC,22.69,0.333,0.490
6D3,FAUC,22.70,0.167,1.094
6D3,FAUC,22.71,0.333,0.634
6D3,FAUC,23.07,0.833,1.359
6D3,FAUC,23.69,0.167,0.922
6D3,FAUC,23.71,0.333,0.749
6D3,FAUC,23.72,0.667,0.893
6D3,FAUC,23.73,0.500,0.826
6D3,FAUC,23.75,0.667,0.850
6D3,SHWR,8.24,4.333,1.664
6D3,SHWR,8.73,3.833,2.000
6D3,SHWR,12.51,10.000,1.895
6D3,SHWR,15.51,9.667,2.000
6D3,SHWR,16.88,4.000,1.840
6D3,SHWR,20.57,4.333,2.000
6D3,SHWR,21.98,6.167,1.247
6D4,FAUC,5.38,0.500,0.239
6D4,FAUC,6.04,0.333,1.119
6D4,FAUC,6.06,0.500,0.422
6D4,FAUC,9.57,0.833,0.110
6D4,FAUC,10.63,0.167,0.633
6D4,FAUC,12.95,0.667,0.601
6D4,FAUC,13.12,0.500,1.871
6D4,FAUC,15.29,0.167,0.422
6D4,FAUC,15.54,4.000,1.076
6D4,FAUC,15.59,0.500,1.126
6D4,FAUC,17.86,0.167,0.464
6D4,FAUC,17.87,0.167,1.984
6D4,FAUC,18.10,1.333,0.997
6D4,FAUC,18.24,0.167,0.380
6D4,FAUC,18.25,6.667,0.015
6D4,FAUC,18.36,0.167,0.422
6D4,FAUC,18.42,0.167,1.393
6D4,FAUC,18.45,0.333,0.338
6D4,FAUC,18.82,0.167,0.338
6D4,FAUC,18.94,0.500,0.478
6D4,FAUC,19.12,0.333,0.528
6D4,FAUC,19.16,0.167,1.646
6D4,FAUC,19.17,0.333,0.380
6D4,FAUC,19.18,0.333,0.338
6D4,FAUC,19.20,0.167,0.633
6D4,FAUC,19.43,1.000,0.359
6D4,FAUC,19.85,0.333,0.591
6D4,FAUC,20.54,0.167,0.422
6D4,FAUC,20.77,0.333,0.929
6D4,SHWR,5.11,4.500,1.423
6D4,SHWR,19.04,4.500,1.143
6D4,SHWR,20.32,5.500,1.466
6D5,BATH,11.12,4.500,5.260
6D5,CWSH,12.10,2.667,1.299
6D5,CWSH,12.33,1.000,1.054
6D5,CWSH,12.36,1.167,1.238
6D5,CWSH,12.45,1.500,1.157
6D5,CWSH,12.57,1.500,1.264
6D5,CWSH,12.73,2.333,1.310
6D5,FAUC,4.78,2.500,1.561
6D5,FAUC,5.32,0.333,0.317
6D5,FAUC,5.42,0.333,0.475
6D5,FAUC,6.19,0.333,0.543
6D5,FAUC,6.89,0.500,0.498
6D5,FAUC,7.41,0.167,0.453
6D5,FAUC,7.49,0.667,1.596
6D5,FAUC,7.51,0.167,0.770
6D5,FAUC,9.63,0.500,1.117
6D5,FAUC,9.77,0.333,1.019
6D5,FAUC,9.81,0.167,0.679
6D5,FAUC,9.81,0.167,0.498
6D5,FAUC,9.88,0.500,0.755
6D5,FAUC,9.91,0.333,0.385
6D5,FAUC,9.96,0.500,0.483
6D5,FAUC,10.06,0.167,1.132
6D5,FAUC,10.38,0.333,0.385
6D5,FAUC,10.69,0.167,0.543
6D5,FAUC,10.87,0.167,0.498
6D5,FAUC,10.91,0.667,1.562
6D5,FAUC,11.11,0.333,2.083
6D5,FAUC,11.19,0.167,0.770
6D5,FAUC,11.44,0.167,0.272
6D5,FAUC,11.50,0.167,0.498
6D5,FAUC,11.51,0.667,1.087
6D5,FAUC,11.81,0.167,0.770
6D5,FAUC,11.85,0.167,0.407
6D5,FAUC,11.92,2.000,0.762
6D5,FAUC,11.94,0.500,0.785
6D5,FAUC,12.24,0.167,1.041
6D5,FAUC,13.17,0.167,0.815
6D5,FAUC,13.32,0.667,1.121
6D5,FAUC,14.04,0.167,0.407
6D5,FAUC,14.54,0.167,0.362
6D5,FAUC,14.64,0.333,0.657
6D5,FAUC,15.59,0.167,0.362
6D5,FAUC,15.65,0.333,0.317
6D5,FAUC,15.66,0.333,0.724
6D5,FAUC,15.79,0.167,0.498
6D5,FAUC,15.82,0.167,1.041
6D5,FAUC,16.59,0.167,0.362
6D5,FAUC,16.61,0.500,0.981
6D5,FAUC,16.77,0.500,0.438
6D5,FAUC,16.78,0.333,0.657
6D5,FAUC,16.97,0.333,1.064
6D5,FAUC,17.01,0.500,0.906
6D5,FAUC,17.34,0.333,0.475
6D5,FAUC,17.36,0.333,0.657
6D5,FAUC,17.38,0.333,0.657
6D5,FAUC,17.39,0.500,0.740
6D5,FAUC,17.43,0.167,0.362
6D5,FAUC,17.55,0.167,0.226
6D5,FAUC,18.32,0.167,0.407
6D5,FAUC,18.38,0.333,0.475
6D5,FAUC,18.41,0.167,0.679
6D5,FAUC,18.43,0.333,0.906
6D5,FAUC,18.44,0.167,0.679
6D5,FAUC,18.45,0.167,0.407
6D5,FAUC,18.45,0.167,0.272
6D5,FAUC,18.47,0.333,1.109
6D5,FAUC,18.54,0.833,0.788
6D5,FAUC,18.61,0.333,0.407
6D5,FAUC,18.65,0.500,0.966
6D5,FAUC,18.66,0.667,1.007
6D5,FAUC,18.69,0.833,0.860
6D5,FAUC,18.84,1.500,0.795
6D5,FAUC,18.87,0.167,1.041
6D5,FAUC,18.89,0.167,0.272
6D5,FAUC,18.92,0.667,0.555
6D5,FAUC,18.94,1.167,0.453
6D5,FAUC,18.96,0.167,0.272
6D5,FAUC,18.97,0.667,0.498
6D5,FAUC,18.99,0.333,0.792
6D5,FAUC,19.07,3.833,1.535
6D5,FAUC,19.08,1.500,1.061
6D5,FAUC,19.17,0.167,0.272
6D5,FAUC,19.28,0.667,0.792
6D5,FAUC,19.30,2.000,1.011
6D5,FAUC,19.41,0.833,0.398
6D5,FAUC,19.52,2.833,0.069
6D5,FAUC,19.58,0.167,0.498
6D5,FAUC,19.75,0.167,0.815
6D5,FAUC,19.79,0.333,0.860
6D5,FAUC,19.82,0.333,0.453
6D5,FAUC,19.86,0.833,1.032
6D5,FAUC,19.97,0.167,0.407
6D5,FAUC,20.37,0.167,0.362
6D5,FAUC,20.43,0.333,0.407
6D5,FAUC,20.44,0.167,0.407
6D5,FAUC,20.54,0.167,0.634
6D5,FAUC,20.67,0.167,0.543
6D5,FAUC,20.80,0.167,0.498
6D5,FAUC,20.80,0.167,0.407
6D5,FAUC,21.05,0.167,0.272
6D5,FAUC,21.80,1.000,0.906
6D5,SHWR,5.18,3.667,1.572
6E1,CWSH,7.77,3.000,2.828
6E1,CWSH,7.83,0.333,2.193
6E1,CWSH,7.84,1.000,1.462
6E1,CWSH,7.86,1.333,1.138
6E1,CWSH,7.89,0.333,1.366
6E1,CWSH,8.17,1.667,4.123
6E1,CWSH,8.37,2.333,2.263
6E1,CWSH,8.48,0.333,1.492
6E1,CWSH,11.27,1.167,1.753
6E1,CWSH,11.30,0.667,0.860
6E1,CWSH,11.31,0.333,1.347
6E1,CWSH,11.32,0.667,0.536
6E1,CWSH,11.34,29.167,0.187
6E1,CWSH,11.82,0.333,1.185
6E1,CWSH,11.84,0.167,1.299
6E1,CWSH,12.02,2.500,1.171
6E1,CWSH,12.08,0.167,1.396
6E1,CWSH,14.63,2.000,1.545
6E1,CWSH,14.67,0.333,1.383
6E1,CWSH,14.68,20.167,0.050
6E1,CWSH,15.14,1.667,2.112
6E1,CWSH,15.17,0.333,1.291
6E1,CWSH,15.34,2.333,1.772
6E1,DWSH,12.79,1.833,0.724
6E1,DWSH,12.87,1.500,0.784
6E1,DWSH,13.06,1.667,0.747
6E1,DWSH,13.15,1.667,0.751
6E1,FAUC,6.22,0.500,0.653
6E1,FAUC,6.48,0.500,0.826
6E1,FAUC,6.49,0.167,0.576
6E1,FAUC,6.53,0.167,0.691
6E1,FAUC,6.85,0.333,1.066
6E1,FAUC,6.88,0.333,0.950
6E1,FAUC,6.90,1.000,0.547
6E1,FAUC,6.97,0.167,0.576
6E1,FAUC,6.99,0.833,1.152
6E1,FAUC,7.05,0.667,0.821
6E1,FAUC,7.20,0.333,1.440
6E1,FAUC,7.22,0.833,1.613
6E1,FAUC,7.24,0.167,0.403
6E1,FAUC,7.33,0.333,0.893
6E1,FAUC,7.35,0.833,1.140
6E1,FAUC,7.38,0.167,0.979
6E1,FAUC,7.47,0.500,0.979
6E1,FAUC,7.95,0.167,0.576
6E1,FAUC,8.04,0.167,0.461
6E1,FAUC,8.12,0.500,0.710
6E1,FAUC,8.22,0.167,1.958
6E1,FAUC,8.28,0.167,0.806
6E1,FAUC,8.33,0.333,0.950
6E1,FAUC,8.37,0.167,0.403
6E1,FAUC,8.47,0.167,0.576
6E1,FAUC,8.49,0.167,1.152
6E1,FAUC,8.50,0.167,0.403
6E1,FAUC,8.55,0.167,0.749
6E1,FAUC,8.59,1.000,0.989
6E1,FAUC,8.62,3.500,1.701
6E1,FAUC,8.66,0.333,1.354
6E1,FAUC,8.67,0.833,1.578
6E1,FAUC,8.73,0.333,0.576
6E1,FAUC,8.73,1.333,2.246
6E1,FAUC,8.78,0.500,1.210
6E1,FAUC,8.83,0.167,0.979
6E1,FAUC,8.84,0.333,0.864
6E1,FAUC,8.85,2.167,1.865
6E1,FAUC,8.98,0.167,0.403
6E1,FAUC,9.03,0.333,0.490
6E1,FAUC,9.10,0.167,0.691
6E1,FAUC,9.11,0.333,0.720
6E1,FAUC,9.15,0.833,0.495
6E1,FAUC,9.48,0.333,1.152
6E1,FAUC,9.58,0.167,0.979
6E1,FAUC,9.62,0.167,0.864
6E1,FAUC,9.62,1.000,1.210
6E1,FAUC,9.75,0.500,1.402
6E1,FAUC,9.81,0.833,1.382
6E1,FAUC,10.33,2.000,1.368
6E1,FAUC,10.68,0.333,0.403
6E1,FAUC,10.79,0.333,0.518
6E1,FAUC,10.85,0.333,1.152
6E1,FAUC,11.00,1.000,1.152
6E1,FAUC,11.80,0.500,1.498
6E1,FAUC,11.89,0.167,0.979
6E1,FAUC,11.91,1.167,0.510
6E1,FAUC,11.98,0.500,1.094
6E1,FAUC,12.14,0.167,0.979
6E1,FAUC,12.59,0.167,1.325
6E1,FAUC,12.60,0.500,1.402
6E1,FAUC,12.78,0.333,0.576
6E1,FAUC,12.82,0.333,1.613
6E1,FAUC,13.02,0.167,1.152
6E1,FAUC,13.07,0.833,0.472
6E1,FAUC,13.13,1.167,0.987
6E1,FAUC,13.13,1.000,0.864
6E1,FAUC,13.15,1.500,1.126
6E1,FAUC,13.30,2.167,1.276
6E1,FAUC,13.30,0.167,0.979
6E1,FAUC,13.31,0.833,1.452
6E1,FAUC,13.42,0.167,1.728
6E1,FAUC,13.51,0.167,0.403
6E1,FAUC,13.54,2.833,1.372
6E1,FAUC,13.63,0.333,1.152
6E1,FAUC,13.65,0.500,1.402
6E1,FAUC,13.67,0.167,1.325
6E1,FAUC,13.75,0.333,1.325
6E1,FAUC,13.76,0.333,0.662
6E1,FAUC,13.85,0.167,0.403
6E1,FAUC,13.87,0.167,0.576
6E1,FAUC,13.89,0.167,0.576
6E1,FAUC,13.92,0.167,0.749
6E1,FAUC,13.95,0.833,1.336
6E1,FAUC,14.19,0.667,1.454
6E1,FAUC,14.22,0.500,1.210
6E1,FAUC,14.32,2.833,0.945
6E1,FAUC,14.35,0.667,1.627
6E1,FAUC,15.21,0.167,0.403
6E1,FAUC,15.25,0.167,0.979
6E1,FAUC,15.45,0.167,0.979
6E1,FAUC,15.48,0.167,0.576
6E1,FAUC,15.63,0.333,1.152
6E1,FAUC,15.66,0.167,0.576
6E1,FAUC,15.69,0.167,0.403
6E1,FAUC,16.17,0.667,1.253
6E1,FAUC,16.39,0.333,0.864
6E1,FAUC,16.45,0.167,0.576
6E1,FAUC,16.45,0.333,1.440
6E1,FAUC,16.49,0.500,1.286
6E1,FAUC,16.50,0.167,0.403
6E1,FAUC,16.79,2.000,1.574
6E1,FAUC,16.80,0.833,0.726
6E1,FAUC,17.02,0.333,0.864
6E1,FAUC,17.24,0.167,0.576
6E1,FAUC,17.28,0.167,0.403
6E1,FAUC,17.37,0.167,1.325
6E1,FAUC,17.47,0.167,0.576
6E1,FAUC,17.70,0.167,0.576
6E1,FAUC,17.71,0.167,0.749
6E1,FAUC,17.71,0.333,0.662
6E1,FAUC,17.73,0.333,1.008
6E1,FAUC,17.77,0.167,0.403
6E1,FAUC,17.82,0.833,1.417
6E1,FAUC,17.84,0.500,0.826
6E1,FAUC,17.88,0.333,0.490
6E1,FAUC,18.17,0.167,0.461
6E1,FAUC,18.18,0.167,0.979
6E1,FAUC,18.21,0.167,1.152
6E1,FAUC,18.22,0.167,0.749
6E1,FAUC,18.26,0.167,0.403
6E1,FAUC,18.27,0.667,1.627
6E1,FAUC,18.31,0.500,0.826
6E1,FAUC,18.33,0.167,0.403
6E1,FAUC,18.38,0.167,1.728
6E1,FAUC,18.42,0.500,1.152
6E1,FAUC,18.43,0.667,1.382
6E1,FAUC,18.58,1.500,1.933
6E1,FAUC,18.63,0.167,0.403
6E1,FAUC,18.67,0.167,1.152
6E1,FAUC,18.69,0.500,1.536
6E1,FAUC,18.70,0.167,0.403
6E1,FAUC,18.88,1.833,1.440
6E1,FAUC,18.91,2.000,1.238
6E1,FAUC,19.02,3.167,1.689
6E1,FAUC,19.14,2.000,1.517
6E1,FAUC,19.42,0.167,0.461
6E1,FAUC,19.58,1.333,0.763
6E1,FAUC,19.63,0.167,0.403
6E1,FAUC,19.68,0.333,0.950
6E1,FAUC,19.69,0.167,0.403
6E1,FAUC,19.82,2.500,1.482
6E1,FAUC,19.87,1.167,0.955
6E1,FAUC,19.90,0.167,0.576
6E1,FAUC,19.97,2.000,1.541
6E1,FAUC,20.08,0.333,0.950
6E1,FAUC,20.09,0.167,0.576
6E1,FAUC,20.36,0.167,0.403
6E1,FAUC,20.40,0.167,0.576
6E1,FAUC,20.65,0.333,1.440
6E1,FAUC,20.68,0.167,0.403
6E1,FAUC,20.71,0.167,1.152
6E1,FAUC,20.84,0.833,2.097
6E1,FAUC,20.88,0.333,0.490
6E1,FAUC,20.92,0.333,0.490
6E1,FAUC,21.13,0.167,0.634
6E1,FAUC,21.27,0.167,0.403
6E1,FAUC,21.35,0.333,1.152
6E1,FAUC,21.36,0.500,1.018
6E1,FAUC,21.42,0.167,1.325
6E1,FAUC,21.45,0.167,0.691
6E1,FAUC,21.73,1.167,1.728
6E1,FAUC,22.05,0.167,0.576
6E1,FAUC,22.08,0.333,0.374
6E1,FAUC,22.14,0.167,0.864
6E1,SHWR,6.25,3.500,2.000
6E1,SHWR,9.05,6.500,2.000
6E1,SHWR,12.65,5.333,1.772
6E1,SHWR,14.05,8.667,1.828
6E1,SHWR,15.86,3.500,2.000
6E1,SHWR,18.45,8.000,1.911
6E2,FAUC,8.47,0.333,0.928
6E2,FAUC,8.68,0.167,0.272
6E2,FAUC,8.69,1.167,0.770
6E2,FAUC,9.57,0.167,0.317
6E2,FAUC,9.60,0.333,0.792
6E2,FAUC,9.62,1.000,0.785
6E2,FAUC,10.22,0.333,0.679
6E2,FAUC,10.43,0.167,0.679
6E2,FAUC,11.31,0.167,0.272
6E2,FAUC,11.32,0.333,0.566
6E2,FAUC,11.37,0.333,0.385
6E2,FAUC,11.77,0.167,0.407
6E2,FAUC,12.22,0.167,0.362
6E2,FAUC,16.70,0.333,0.362
6E2,FAUC,16.71,0.667,0.611
6E2,FAUC,17.41,0.167,0.453
6E2,FAUC,17.44,0.167,0.272
6E2,FAUC,18.79,0.500,0.694
6E2,FAUC,19.05,0.667,0.091
6E2,FAUC,22.78,0.167,0.453
6E2,FAUC,23.65,0.667,0.577
6E2,SHWR,9.82,9.333,1.221
6H1,FAUC,5.70,0.167,0.589
6H1,FAUC,5.78,0.833,0.679
6H1,FAUC,5.86,1.000,0.589
6H1,FAUC,5.90,1.333,0.917
6H1,FAUC,6.05,0.167,0.317
6H1,FAUC,6.41,0.500,0.589
6H1,FAUC,6.46,0.167,0.453
6H1,FAUC,6.46,0.167,0.453
6H1,FAUC,6.53,3.500,0.576
6H1,FAUC,6.71,2.667,0.889
6H1,FAUC,6.74,0.333,0.770
6H1,FAUC,6.80,0.167,0.543
6H1,FAUC,7.08,0.167,0.272
6H1,FAUC,7.13,0.167,0.362
6H1,FAUC,7.65,0.333,0.589
6H1,FAUC,7.68,0.167,0.407
6H1,FAUC,7.69,0.833,0.942
6H1,FAUC,7.89,0.167,0.498
6H1,FAUC,7.94,0.333,0.611
6H1,FAUC,7.95,0.333,0.951
6H1,FAUC,8.07,0.167,0.498
6H1,FAUC,8.15,0.333,0.702
6H1,FAUC,8.17,0.167,0.272
6H1,FAUC,8.31,0.167,0.770
6H1,FAUC,8.31,0.167,0.906
6H1,FAUC,8.35,0.167,0.317
6H1,FAUC,8.47,0.500,0.815
6H1,FAUC,8.48,1.000,0.702
6H1,FAUC,8.52,0.667,0.657
6H1,FAUC,8.61,0.667,0.566
6H1,FAUC,8.76,0.167,0.589
6H1,FAUC,8.77,0.500,0.694
6H1,FAUC,8.78,0.333,0.815
6H1,FAUC,8.79,0.333,0.475
6H1,FAUC,8.80,0.333,0.566
6H1,FAUC,8.85,0.167,0.589
6H1,FAUC,8.85,0.167,0.272
6H1,FAUC,8.91,0.167,0.589
6H1,FAUC,8.91,0.667,0.657
6H1,FAUC,8.94,2.167,0.902
6H1,FAUC,8.98,0.167,0.272
6H1,FAUC,8.99,0.167,0.634
6H1,FAUC,9.00,0.333,0.679
6H1,FAUC,9.07,0.500,0.755
6H1,FAUC,9.15,0.667,0.657
6H1,FAUC,9.20,0.333,0.589
6H1,FAUC,9.21,0.500,0.589
6H1,FAUC,9.22,0.667,0.770
6H1,FAUC,9.24,0.500,0.830
6H1,FAUC,9.26,0.833,0.417
6H1,FAUC,9.32,0.333,0.521
6H1,FAUC,9.33,0.333,0.521
6H1,FAUC,9.40,0.167,0.498
6H1,FAUC,9.41,0.167,0.453
6H1,FAUC,9.42,0.167,0.407
6H1,FAUC,9.43,0.667,0.713
6H1,FAUC,9.62,0.167,0.362
6H1,FAUC,9.63,0.167,0.272
6H1,FAUC,9.85,0.833,0.896
6H1,FAUC,9.89,0.333,0.634
6H1,FAUC,9.90,0.167,0.589
6H1,FAUC,9.91,1.167,0.796
6H1,FAUC,9.93,0.333,0.589
6H1,FAUC,9.94,0.500,0.709
6H1,FAUC,10.05,0.500,0.589
6H1,FAUC,10.06,0.167,0.407
6H1,FAUC,10.25,0.333,0.589
6H1,FAUC,10.46,0.333,0.543
6H1,FAUC,10.56,0.333,0.724
6H1,FAUC,10.70,0.167,0.272
6H1,FAUC,10.71,1.000,0.611
6H1,FAUC,10.73,0.333,0.521
6H1,FAUC,10.74,0.333,0.747
6H1,FAUC,10.75,1.000,0.875
6H1,FAUC,10.77,0.333,0.724
6H1,FAUC,10.88,0.500,0.574
6H1,FAUC,10.90,1.333,0.657
6H1,FAUC,10.96,0.167,0.407
6H1,FAUC,11.81,1.000,0.136
6H1,FAUC,12.51,0.500,0.543
6H1,FAUC,12.58,0.167,0.226
6H1,FAUC,12.81,0.333,0.453
6H1,FAUC,12.89,0.500,0.483
6H1,FAUC,12.93,0.333,0.657
6H1,FAUC,13.11,0.500,0.694
6H1,FAUC,19.14,0.500,1.328
6H1,FAUC,19.17,0.333,1.381
6H1,FAUC,19.32,0.333,0.385
6H1,FAUC,19.34,0.167,0.317
6H1,FAUC,19.57,0.167,0.317
6H1,FAUC,19.60,1.000,0.815
6H1,FAUC,19.63,0.500,0.785
6H1,FAUC,19.64,0.333,0.430
6H1,FAUC,19.65,0.333,0.815
6H1,FAUC,19.66,0.500,0.453
6H1,FAUC,19.68,0.167,0.589
6H1,FAUC,19.69,1.167,0.731
6H1,FAUC,19.73,0.500,1.011
6H1,FAUC,19.80,0.167,0.317
6H1,FAUC,19.91,0.333,0.634
6H1,FAUC,19.92,0.500,0.724
6H1,FAUC,19.93,0.167,0.317
6H1,FAUC,19.93,0.500,0.407
6H1,FAUC,19.97,0.167,0.317
6H1,FAUC,20.10,0.667,0.917
6H1,FAUC,20.17,0.667,1.505
6H1,FAUC,22.05,0.167,0.679
6H1,FAUC,22.07,0.500,1.660
6H1,FAUC,22.16,0.333,0.634
6H1,FAUC,22.17,0.167,0.724
6H1,SHWR,11.77,6.333,1.267
6H1,SHWR,18.99,11.667,1.558
